step,layer,status,reason,before_channels,after_channels,removed_channels,taylor_cost,parameters,gmacs,step_gmac_saved,total_compute_reduction,score_per_gmac
1,model.1.conv,feasible,,64,56,8,0.35252590430900455,9455920,10.72656,0.0724992000000011,0.006713473707043005,4.862479921281879
1,model.2.cv2.conv,feasible,,128,120,8,0.26775179627293255,9448752,10.7200064,0.07905279999999948,0.0073203413867756195,3.3869995278210805
1,model.3.conv,feasible,,128,120,8,0.3316289447102463,9448496,10.7334208,0.06563840000000098,0.0060781591048229,5.052361799042044
1,model.4.cv2.conv,feasible,,256,248,8,0.23322998748335522,9437744,10.7530816,0.04597760000000051,0.0042575560656247236,5.072687297365514
1,model.4.m.0.cv2.conv,rejected,ValueError: protect_CSP_chunk_width:model.4.cv1.conv,,,,,,,,,
1,model.5.conv,feasible,,256,248,8,0.2536716407194035,9438256,10.7662656,0.032793599999999756,0.0030367089755374277,7.735400831851502
1,model.6.cv2.conv,feasible,,256,248,8,0.1526780080894241,9416752,10.776096,0.022963199999999517,0.002126407455938284,6.648812364540976
1,model.6.m.0.cv1.conv,feasible,,64,56,8,0.09312191219214583,9438224,10.7662144,0.03284479999999945,0.0030414501292852503,2.8352102065516425
1,model.6.m.0.cv2.conv,feasible,,64,56,8,0.04482214920062688,9456688,10.7957568,0.003302400000000816,0.00030580441674032954,13.572598474023682
1,model.6.m.0.cv3.conv,rejected,ValueError: protect_CSP_chunk_width:model.6.cv1.conv,,,,,,,,,
1,model.6.m.0.m.0.cv1.conv,feasible,,64,56,8,0.22967953974148259,9449520,10.784288,0.014771200000000206,0.0013678228562725714,15.549145617247033
1,model.6.m.0.m.0.cv2.conv,feasible,,64,56,8,0.1543513210126548,9438224,10.7662144,0.03284479999999945,0.0030414501292852503,4.699414245562688
1,model.6.m.0.m.1.cv1.conv,feasible,,64,56,8,0.24963759469392244,9449520,10.784288,0.014771200000000206,0.0013678228562725714,16.90029210178719
1,model.6.m.0.m.1.cv2.conv,feasible,,64,56,8,0.18188133960939012,9438224,10.7662144,0.03284479999999945,0.0030414501292852503,5.5375992427840375
1,model.7.conv,feasible,,512,504,8,0.11021360519225709,9436208,10.7900416,0.009017599999999959,0.000835035703850906,12.22205522447853
1,model.8.cv2.conv,feasible,,512,504,8,0.07960463270865148,9450544,10.795776,0.0032832000000002637,0.0003040264840848961,24.24605041077153
1,model.8.m.0.cv1.conv,feasible,,128,120,8,0.04265329105692217,9417744,10.782656,0.01640320000000095,0.0015189471319873027,2.600303054094305
1,model.8.m.0.cv2.conv,feasible,,128,120,8,0.015580691699142335,9454640,10.7974144,0.001644800000001112,0.00015230956415179797,9.472696801514957
1,model.8.m.0.cv3.conv,rejected,ValueError: protect_CSP_chunk_width:model.8.cv1.conv,,,,,,,,,
1,model.8.m.0.m.0.cv1.conv,feasible,,128,120,8,0.05898893894845969,9440304,10.79168,0.007379200000000807,0.0006833187839178079,7.993947710924387
1,model.8.m.0.m.0.cv2.conv,feasible,,128,120,8,0.06556762702894048,9417744,10.782656,0.01640320000000095,0.0015189471319873027,3.997246087893623
1,model.8.m.0.m.1.cv1.conv,feasible,,128,120,8,0.05229842906919657,9440304,10.79168,0.007379200000000807,0.0006833187839178079,7.087276272386011
1,model.8.m.0.m.1.cv2.conv,feasible,,128,120,8,0.05882801012558048,9417744,10.782656,0.01640320000000095,0.0015189471319873027,3.5863740078507282
1,model.9.cv1.conv,feasible,,256,248,8,0.08739875936225872,9438256,10.7908512,0.008207999999999771,0.0007600662102120737,10.647996998326164
1,model.9.cv2.conv,rejected,ValueError: protect_stem_attention_DFL:model.10.cv1.conv,,,,,,,,,
1,model.13.cv2.conv,feasible,,256,248,8,0.11759746192547027,9452592,10.7842368,0.014822399999999902,0.001372564010020394,7.933766591474461
1,model.13.m.0.cv1.conv,feasible,,64,56,8,0.46857728314353153,9440304,10.7695424,0.029516799999999677,0.0027332751356710094,15.874935058798266
1,model.16.cv2.conv,feasible,,128,120,8,0.1487996220967034,9442264,10.7377728,0.061286400000000185,0.00567516103625032,2.4279386959701164
1,model.16.m.0.cv2.conv,rejected,ValueError: protect_CSP_chunk_width:model.16.cv1.conv,,,,,,,,,
1,model.17.conv,feasible,,128,120,8,0.11588363174814731,9447472,10.7810112,0.018048000000000286,0.0016712566961388786,6.420857255548841
1,model.19.cv2.conv,feasible,,256,248,8,0.04424154154548887,9431512,10.7775936,0.021465600000000862,0.001987728708812031,2.0610437884562787
1,model.19.m.0.cv1.conv,feasible,,64,56,8,0.266423247900093,9440304,10.7695424,0.029516799999999677,0.0027332751356710094,9.026156219512139
1,model.19.m.0.cv2.conv,rejected,ValueError: protect_CSP_chunk_width:model.19.cv1.conv,,,,,,,,,
1,model.20.conv,feasible,,256,248,8,0.049285872275504516,9436208,10.7900416,0.009017599999999959,0.000835035703850906,5.465519902801715
1,model.22.cv2.conv,feasible,,512,504,8,0.01521863833477255,9446872,10.7943072,0.0047519999999998674,0.00044003833222805433,3.2025754071491948
1,model.22.m.0.cv1.conv,feasible,,128,120,8,0.044743326914613135,9417744,10.782656,0.01640320000000095,0.0015189471319873027,2.727719403202457
1,model.22.m.0.cv2.conv,feasible,,128,120,8,0.0031167386641755,9454640,10.7974144,0.001644800000001112,0.00015230956415179797,1.894904343490633
1,model.22.m.0.cv3.conv,rejected,ValueError: protect_CSP_chunk_width:model.22.cv1.conv,,,,,,,,,
1,model.22.m.0.m.0.cv1.conv,feasible,,128,120,8,0.10106834718681057,9440304,10.79168,0.007379200000000807,0.0006833187839178079,13.696382695522484
1,model.22.m.0.m.0.cv2.conv,feasible,,128,120,8,0.07001081353155314,9417744,10.782656,0.01640320000000095,0.0015189471319873027,4.2681192408523385
1,model.22.m.0.m.1.cv1.conv,feasible,,128,120,8,0.07346546119151753,9440304,10.79168,0.007379200000000807,0.0006833187839178079,9.955748752101785
1,model.22.m.0.m.1.cv2.conv,feasible,,128,120,8,0.050230271746841026,9417744,10.782656,0.01640320000000095,0.0015189471319873027,3.0622239408675207
2,model.1.conv,feasible,,64,56,8,0.35252590430900455,9451808,10.7249152,0.07249919999999932,0.006865783271194581,4.862479921281999
2,model.2.cv2.conv,feasible,,128,120,8,0.26775179627293255,9444640,10.7183616,0.07905279999999948,0.0074726509509273065,3.3869995278210805
2,model.3.conv,feasible,,128,120,8,0.3316289447102463,9444384,10.731776,0.06563839999999921,0.006230468668974476,5.052361799042181
2,model.4.cv2.conv,feasible,,256,248,8,0.23322998748335522,9433632,10.7514368,0.04597759999999873,0.0044098656297762995,5.07268729736571
2,model.4.m.0.cv2.conv,rejected,ValueError: protect_CSP_chunk_width:model.4.cv1.conv,,,,,,,,,
2,model.5.conv,feasible,,256,248,8,0.2536716407194035,9434144,10.7646208,0.032793599999999756,0.0031890185396891146,7.735400831851502
2,model.6.cv2.conv,feasible,,256,248,8,0.1526780080894241,9412640,10.7744512,0.022963199999999517,0.002278717020090082,6.648812364540976
2,model.6.m.0.cv1.conv,feasible,,64,56,8,0.09312191219214583,9434112,10.7645696,0.03284479999999945,0.0031937596934370482,2.8352102065516425
2,model.6.m.0.cv2.conv,feasible,,64,56,8,0.04482214920062688,9452576,10.794112,0.0033023999999990394,0.0004581139808920165,13.572598474030983
2,model.6.m.0.cv3.conv,rejected,ValueError: protect_CSP_chunk_width:model.6.cv1.conv,,,,,,,,,
2,model.6.m.0.m.0.cv1.conv,feasible,,64,56,8,0.22967953974148259,9445408,10.7826432,0.01477119999999843,0.0015201324204241473,15.549145617248904
2,model.6.m.0.m.0.cv2.conv,feasible,,64,56,8,0.1543513210126548,9434112,10.7645696,0.03284479999999945,0.0031937596934370482,4.699414245562688
2,model.6.m.0.m.1.cv1.conv,feasible,,64,56,8,0.24963759469392244,9445408,10.7826432,0.01477119999999843,0.0015201324204241473,16.900292101789223
2,model.6.m.0.m.1.cv2.conv,feasible,,64,56,8,0.18188133960939012,9434112,10.7645696,0.03284479999999945,0.0031937596934370482,5.5375992427840375
2,model.7.conv,feasible,,512,504,8,0.11021360519225709,9432096,10.7883968,0.009017599999999959,0.000987345268002704,12.22205522447853
2,model.8.cv2.conv,feasible,,512,504,8,0.07960463270865148,9446432,10.7941312,0.0032831999999984873,0.000456336048236472,24.246050410784648
2,model.8.m.0.cv1.conv,feasible,,128,120,8,0.04265329105692217,9413632,10.7810112,0.016403199999999174,0.0016712566961388786,2.6003030540945864
2,model.8.m.0.cv2.conv,feasible,,128,120,8,0.015580691699142335,9450528,10.7957696,0.0016447999999993357,0.0003046191283033739,9.472696801525187
2,model.8.m.0.cv3.conv,rejected,ValueError: protect_CSP_chunk_width:model.8.cv1.conv,,,,,,,,,
2,model.8.m.0.m.0.cv1.conv,feasible,,128,120,8,0.05898893894845969,9436192,10.7900352,0.007379199999999031,0.0008356283480694948,7.993947710926311
2,model.8.m.0.m.0.cv2.conv,feasible,,128,120,8,0.06556762702894048,9413632,10.7810112,0.016403199999999174,0.0016712566961388786,3.997246087894056
2,model.8.m.0.m.1.cv1.conv,feasible,,128,120,8,0.05229842906919657,9436192,10.7900352,0.007379199999999031,0.0008356283480694948,7.087276272387717
2,model.8.m.0.m.1.cv2.conv,feasible,,128,120,8,0.05882801012558048,9413632,10.7810112,0.016403199999999174,0.0016712566961388786,3.586374007851117
2,model.9.cv1.conv,feasible,,256,248,8,0.08739875936225872,9434144,10.7892064,0.008207999999999771,0.0009123757743638716,10.647996998326164
2,model.9.cv2.conv,rejected,ValueError: protect_stem_attention_DFL:model.10.cv1.conv,,,,,,,,,
2,model.13.cv2.conv,feasible,,256,248,8,0.11759746192547027,9448480,10.782592,0.014822399999999902,0.001524873574172192,7.933766591474461
2,model.13.m.0.cv1.conv,feasible,,64,56,8,0.46857728314353153,9436192,10.7678976,0.029516799999999677,0.0028855846998228074,15.874935058798266
2,model.16.cv2.conv,feasible,,128,120,8,0.1487996220967034,9438152,10.736128,0.06128639999999841,0.005827470600401896,2.4279386959701865
2,model.16.m.0.cv2.conv,rejected,ValueError: protect_CSP_chunk_width:model.16.cv1.conv,,,,,,,,,
2,model.17.conv,feasible,,128,120,8,0.11588363174814731,9443360,10.7793664,0.01804799999999851,0.0018235662602904545,6.420857255549472
2,model.19.cv2.conv,feasible,,256,248,8,0.04424154154548887,9427400,10.7759488,0.021465599999999085,0.002140038272963607,2.061043788456449
2,model.19.m.0.cv1.conv,feasible,,64,56,8,0.266423247900093,9436192,10.7678976,0.029516799999999677,0.0028855846998228074,9.026156219512139
2,model.19.m.0.cv2.conv,rejected,ValueError: protect_CSP_chunk_width:model.19.cv1.conv,,,,,,,,,
2,model.20.conv,feasible,,256,248,8,0.049285872275504516,9432096,10.7883968,0.009017599999999959,0.000987345268002704,5.465519902801715
2,model.22.cv2.conv,feasible,,512,504,8,0.01521863833477255,9442760,10.7926624,0.0047519999999998674,0.0005923478963798523,3.2025754071491948
2,model.22.m.0.cv1.conv,feasible,,128,120,8,0.044743326914613135,9413632,10.7810112,0.016403199999999174,0.0016712566961388786,2.7277194032027525
2,model.22.m.0.cv2.conv,feasible,,120,112,8,0.004035019961293074,9450528,10.7957696,0.0016447999999993357,0.0003046191283033739,2.453197933666527
2,model.22.m.0.cv3.conv,rejected,ValueError: protect_CSP_chunk_width:model.22.cv1.conv,,,,,,,,,
2,model.22.m.0.m.0.cv1.conv,feasible,,128,120,8,0.10106834718681057,9436192,10.7900352,0.007379199999999031,0.0008356283480694948,13.69638269552578
2,model.22.m.0.m.0.cv2.conv,feasible,,128,120,8,0.07001081353155314,9413632,10.7810112,0.016403199999999174,0.0016712566961388786,4.268119240852801
2,model.22.m.0.m.1.cv1.conv,feasible,,128,120,8,0.07346546119151753,9436192,10.7900352,0.007379199999999031,0.0008356283480694948,9.955748752104181
2,model.22.m.0.m.1.cv2.conv,feasible,,128,120,8,0.050230271746841026,9413632,10.7810112,0.016403199999999174,0.0016712566961388786,3.0622239408678524
3,model.1.conv,feasible,,64,56,8,0.35252590430900455,9424568,10.7034496,0.07249919999999932,0.008853511980006501,4.862479921281999
3,model.2.cv2.conv,feasible,,128,120,8,0.26775179627293255,9417400,10.696896,0.07905279999999948,0.009460379659739226,3.3869995278210805
3,model.3.conv,feasible,,128,120,8,0.3316289447102463,9417144,10.7103104,0.06563840000000098,0.008218197377786507,5.052361799042044
3,model.4.cv2.conv,feasible,,256,248,8,0.23322998748335522,9406392,10.7299712,0.04597760000000051,0.0063975943385883305,5.072687297365514
3,model.4.m.0.cv2.conv,rejected,ValueError: protect_CSP_chunk_width:model.4.cv1.conv,,,,,,,,,
3,model.5.conv,feasible,,256,248,8,0.2536716407194035,9406904,10.7431552,0.032793599999999756,0.005176747248501035,7.735400831851502
3,model.6.cv2.conv,feasible,,256,248,8,0.1526780080894241,9385400,10.7529856,0.022963199999999517,0.004266445728902002,6.648812364540976
3,model.6.m.0.cv1.conv,feasible,,64,56,8,0.09312191219214583,9406872,10.743104,0.03284479999999945,0.005181488402248968,2.8352102065516425
3,model.6.m.0.cv2.conv,feasible,,64,56,8,0.04482214920062688,9425336,10.7726464,0.003302400000000816,0.0024458426897040475,13.572598474023682
3,model.6.m.0.cv3.conv,rejected,ValueError: protect_CSP_chunk_width:model.6.cv1.conv,,,,,,,,,
3,model.6.m.0.m.0.cv1.conv,feasible,,64,56,8,0.22967953974148259,9418168,10.7611776,0.014771200000000206,0.0035078611292361783,15.549145617247033
3,model.6.m.0.m.0.cv2.conv,feasible,,64,56,8,0.1543513210126548,9406872,10.743104,0.03284479999999945,0.005181488402248968,4.699414245562688
3,model.6.m.0.m.1.cv1.conv,feasible,,64,56,8,0.24963759469392244,9418168,10.7611776,0.014771200000000206,0.0035078611292361783,16.90029210178719
3,model.6.m.0.m.1.cv2.conv,feasible,,64,56,8,0.18188133960939012,9406872,10.743104,0.03284479999999945,0.005181488402248968,5.5375992427840375
3,model.7.conv,feasible,,512,504,8,0.11021360519225709,9404856,10.7669312,0.009017599999999959,0.002975073976814624,12.22205522447853
3,model.8.cv2.conv,feasible,,512,504,8,0.07960463270865148,9419192,10.7726656,0.0032832000000002637,0.002444064757048503,24.24605041077153
3,model.8.m.0.cv1.conv,feasible,,128,120,8,0.04265329105692217,9386392,10.7595456,0.01640320000000095,0.0036589854049509096,2.600303054094305
3,model.8.m.0.cv2.conv,feasible,,128,120,8,0.015580691699142335,9423288,10.774304,0.0016447999999993357,0.002292347837115294,9.472696801525187
3,model.8.m.0.cv3.conv,rejected,ValueError: protect_CSP_chunk_width:model.8.cv1.conv,,,,,,,,,
3,model.8.m.0.m.0.cv1.conv,feasible,,128,120,8,0.05898893894845969,9408952,10.7685696,0.007379200000000807,0.002823357056881526,7.993947710924387
3,model.8.m.0.m.0.cv2.conv,feasible,,128,120,8,0.06556762702894048,9386392,10.7595456,0.01640320000000095,0.0036589854049509096,3.997246087893623
3,model.8.m.0.m.1.cv1.conv,feasible,,128,120,8,0.05229842906919657,9408952,10.7685696,0.007379200000000807,0.002823357056881526,7.087276272386011
3,model.8.m.0.m.1.cv2.conv,feasible,,128,120,8,0.05882801012558048,9386392,10.7595456,0.01640320000000095,0.0036589854049509096,3.5863740078507282
3,model.9.cv1.conv,feasible,,256,248,8,0.08739875936225872,9406904,10.7677408,0.008207999999999771,0.0029001044831756806,10.647996998326164
3,model.9.cv2.conv,rejected,ValueError: protect_stem_attention_DFL:model.10.cv1.conv,,,,,,,,,
3,model.13.cv2.conv,feasible,,256,248,8,0.11759746192547027,9421240,10.7611264,0.014822399999999902,0.003512602282984112,7.933766591474461
3,model.13.m.0.cv1.conv,feasible,,64,56,8,0.46857728314353153,9408952,10.746432,0.029516799999999677,0.004873313408634727,15.874935058798266
3,model.16.cv2.conv,feasible,,128,120,8,0.1487996220967034,9410912,10.7146624,0.061286400000000185,0.007815199309213927,2.4279386959701164
3,model.16.m.0.cv2.conv,rejected,ValueError: protect_CSP_chunk_width:model.16.cv1.conv,,,,,,,,,
3,model.17.conv,feasible,,128,120,8,0.11588363174814731,9416120,10.7579008,0.018048000000000286,0.0038112949691024856,6.420857255548841
3,model.19.cv2.conv,feasible,,248,240,8,0.051449969429086195,9400160,10.7544832,0.021465600000000862,0.004127766981775749,2.3968568047985674
3,model.19.m.0.cv1.conv,feasible,,64,56,8,0.266423247900093,9408952,10.746432,0.029516799999999677,0.004873313408634727,9.026156219512139
3,model.19.m.0.cv2.conv,rejected,ValueError: protect_CSP_chunk_width:model.19.cv1.conv,,,,,,,,,
3,model.20.conv,feasible,,256,248,8,0.049285872275504516,9405432,10.7671616,0.008787200000000439,0.0029537387849489782,5.608825595810048
3,model.22.cv2.conv,feasible,,512,504,8,0.01521863833477255,9415520,10.7711968,0.0047519999999998674,0.0025800766051916613,3.2025754071491948
3,model.22.m.0.cv1.conv,feasible,,128,120,8,0.044743326914613135,9386392,10.7595456,0.01640320000000095,0.0036589854049509096,2.727719403202457
3,model.22.m.0.cv2.conv,feasible,,120,112,8,0.004035019961293074,9423288,10.774304,0.0016447999999993357,0.002292347837115294,2.453197933666527
3,model.22.m.0.cv3.conv,rejected,ValueError: protect_CSP_chunk_width:model.22.cv1.conv,,,,,,,,,
3,model.22.m.0.m.0.cv1.conv,feasible,,128,120,8,0.10106834718681057,9408952,10.7685696,0.007379200000000807,0.002823357056881526,13.696382695522484
3,model.22.m.0.m.0.cv2.conv,feasible,,128,120,8,0.07001081353155314,9386392,10.7595456,0.01640320000000095,0.0036589854049509096,4.2681192408523385
3,model.22.m.0.m.1.cv1.conv,feasible,,128,120,8,0.07346546119151753,9408952,10.7685696,0.007379200000000807,0.002823357056881526,9.955748752101785
3,model.22.m.0.m.1.cv2.conv,feasible,,128,120,8,0.050230271746841026,9386392,10.7595456,0.01640320000000095,0.0036589854049509096,3.0622239408675207
4,model.1.conv,feasible,,64,56,8,0.35252590430900455,9397328,10.681984,0.07249919999999932,0.010841240688818532,4.862479921281999
4,model.2.cv2.conv,feasible,,128,120,8,0.26775179627293255,9390160,10.6754304,0.07905279999999948,0.011448108368551257,3.3869995278210805
4,model.3.conv,feasible,,128,120,8,0.3316289447102463,9389904,10.6888448,0.06563839999999921,0.010205926086598427,5.052361799042181
4,model.4.cv2.conv,feasible,,256,248,8,0.23322998748335522,9379152,10.7085056,0.04597759999999873,0.00838532304740025,5.07268729736571
4,model.4.m.0.cv2.conv,rejected,ValueError: protect_CSP_chunk_width:model.4.cv1.conv,,,,,,,,,
4,model.5.conv,feasible,,256,248,8,0.2536716407194035,9379664,10.7216896,0.032793599999999756,0.007164475957313066,7.735400831851502
4,model.6.cv2.conv,feasible,,256,248,8,0.1526780080894241,9358160,10.73152,0.022963199999999517,0.006254174437714033,6.648812364540976
4,model.6.m.0.cv1.conv,feasible,,64,56,8,0.09312191219214583,9379632,10.7216384,0.03284479999999945,0.007169217111060999,2.8352102065516425
4,model.6.m.0.cv2.conv,feasible,,64,56,8,0.04482214920062688,9398096,10.7511808,0.0033023999999990394,0.0044335713985158565,13.572598474030983
4,model.6.m.0.cv3.conv,rejected,ValueError: protect_CSP_chunk_width:model.6.cv1.conv,,,,,,,,,
4,model.6.m.0.m.0.cv1.conv,feasible,,64,56,8,0.22967953974148259,9390928,10.739712,0.01477119999999843,0.005495589838048098,15.549145617248904
4,model.6.m.0.m.0.cv2.conv,feasible,,64,56,8,0.1543513210126548,9379632,10.7216384,0.03284479999999945,0.007169217111060999,4.699414245562688
4,model.6.m.0.m.1.cv1.conv,feasible,,64,56,8,0.24963759469392244,9390928,10.739712,0.01477119999999843,0.005495589838048098,16.900292101789223
4,model.6.m.0.m.1.cv2.conv,feasible,,64,56,8,0.18188133960939012,9379632,10.7216384,0.03284479999999945,0.007169217111060999,5.5375992427840375
4,model.7.conv,feasible,,512,504,8,0.11021360519225709,9377616,10.7454656,0.009017599999999959,0.004962802685626655,12.22205522447853
4,model.8.cv2.conv,feasible,,512,504,8,0.07960463270865148,9391952,10.7512,0.0032831999999984873,0.004431793465860423,24.246050410784648
4,model.8.m.0.cv1.conv,feasible,,128,120,8,0.04265329105692217,9359152,10.73808,0.016403199999999174,0.00564671411376283,2.6003030540945864
4,model.8.m.0.cv2.conv,feasible,,128,120,8,0.015580691699142335,9396048,10.7528384,0.0016447999999993357,0.004280076545927325,9.472696801525187
4,model.8.m.0.cv3.conv,rejected,ValueError: protect_CSP_chunk_width:model.8.cv1.conv,,,,,,,,,
4,model.8.m.0.m.0.cv1.conv,feasible,,128,120,8,0.05898893894845969,9381712,10.747104,0.007379199999999031,0.004811085765693335,7.993947710926311
4,model.8.m.0.m.0.cv2.conv,feasible,,128,120,8,0.06556762702894048,9359152,10.73808,0.016403199999999174,0.00564671411376283,3.997246087894056
4,model.8.m.0.m.1.cv1.conv,feasible,,128,120,8,0.05229842906919657,9381712,10.747104,0.007379199999999031,0.004811085765693335,7.087276272387717
4,model.8.m.0.m.1.cv2.conv,feasible,,128,120,8,0.05882801012558048,9359152,10.73808,0.016403199999999174,0.00564671411376283,3.586374007851117
4,model.9.cv1.conv,feasible,,256,248,8,0.08739875936225872,9379664,10.7462752,0.008207999999999771,0.004887833191987712,10.647996998326164
4,model.9.cv2.conv,rejected,ValueError: protect_stem_attention_DFL:model.10.cv1.conv,,,,,,,,,
4,model.13.cv2.conv,feasible,,256,248,8,0.11759746192547027,9394000,10.7396608,0.014822399999999902,0.005500330991796143,7.933766591474461
4,model.13.m.0.cv1.conv,feasible,,64,56,8,0.46857728314353153,9381712,10.7249664,0.029516799999999677,0.006861042117446758,15.874935058798266
4,model.16.cv2.conv,feasible,,128,120,8,0.1487996220967034,9383672,10.6931968,0.06128639999999841,0.009802928018025847,2.4279386959701865
4,model.16.m.0.cv2.conv,rejected,ValueError: protect_CSP_chunk_width:model.16.cv1.conv,,,,,,,,,
4,model.17.conv,feasible,,128,120,8,0.11588363174814731,9388880,10.7364352,0.01804799999999851,0.0057990236779144055,6.420857255549472
4,model.19.cv2.conv,feasible,,240,232,8,0.05481741233597859,9372920,10.7330176,0.021465599999999085,0.006115495690587558,2.553733058287722
4,model.19.m.0.cv1.conv,feasible,,64,56,8,0.266423247900093,9381712,10.7249664,0.029516799999999677,0.006861042117446758,9.026156219512139
4,model.19.m.0.cv2.conv,rejected,ValueError: protect_CSP_chunk_width:model.19.cv1.conv,,,,,,,,,
4,model.20.conv,feasible,,256,248,8,0.049285872275504516,9378768,10.7459264,0.008556799999999143,0.0049201323018953635,5.759848573708566
4,model.22.cv2.conv,feasible,,512,504,8,0.01521863833477255,9388280,10.7497312,0.0047519999999998674,0.004567805314003692,3.2025754071491948
4,model.22.m.0.cv1.conv,feasible,,128,120,8,0.044743326914613135,9359152,10.73808,0.016403199999999174,0.00564671411376283,2.7277194032027525
4,model.22.m.0.cv2.conv,feasible,,120,112,8,0.004035019961293074,9396048,10.7528384,0.0016447999999993357,0.004280076545927325,2.453197933666527
4,model.22.m.0.cv3.conv,rejected,ValueError: protect_CSP_chunk_width:model.22.cv1.conv,,,,,,,,,
4,model.22.m.0.m.0.cv1.conv,feasible,,128,120,8,0.10106834718681057,9381712,10.747104,0.007379199999999031,0.004811085765693335,13.69638269552578
4,model.22.m.0.m.0.cv2.conv,feasible,,128,120,8,0.07001081353155314,9359152,10.73808,0.016403199999999174,0.00564671411376283,4.268119240852801
4,model.22.m.0.m.1.cv1.conv,feasible,,128,120,8,0.07346546119151753,9381712,10.747104,0.007379199999999031,0.004811085765693335,9.955748752104181
4,model.22.m.0.m.1.cv2.conv,feasible,,128,120,8,0.050230271746841026,9359152,10.73808,0.016403199999999174,0.00564671411376283,3.0622239408678524
5,model.1.conv,feasible,,64,56,8,0.35252590430900455,9380840,10.6206976,0.0724992000000011,0.016516401725068852,4.862479921281879
5,model.2.cv2.conv,feasible,,128,120,8,0.26775179627293255,9373672,10.614144,0.07905280000000126,0.017123269404801578,3.3869995278210046
5,model.3.conv,feasible,,128,120,8,0.3316289447102463,9373416,10.6275584,0.06563840000000098,0.015881087122848636,5.052361799042044
5,model.4.cv2.conv,feasible,,256,248,8,0.23322998748335522,9362664,10.6472192,0.04597760000000051,0.01406048408365057,5.072687297365514
5,model.4.m.0.cv2.conv,rejected,ValueError: protect_CSP_chunk_width:model.4.cv1.conv,,,,,,,,,
5,model.5.conv,feasible,,256,248,8,0.2536716407194035,9363176,10.6604032,0.03279360000000153,0.012839636993563386,7.7354008318510825
5,model.6.cv2.conv,feasible,,256,248,8,0.1526780080894241,9341672,10.6702336,0.022963200000001294,0.011929335473964353,6.64881236454046
5,model.6.m.0.cv1.conv,feasible,,64,56,8,0.09312191219214583,9363144,10.660352,0.03284480000000123,0.01284437814731132,2.835210206551489
5,model.6.m.0.cv2.conv,feasible,,64,56,8,0.04482214920062688,9381608,10.6898944,0.003302400000000816,0.010108732434766177,13.572598474023682
5,model.6.m.0.cv3.conv,rejected,ValueError: protect_CSP_chunk_width:model.6.cv1.conv,,,,,,,,,
5,model.6.m.0.m.0.cv1.conv,feasible,,64,56,8,0.22967953974148259,9374440,10.6784256,0.014771200000000206,0.011170750874298307,15.549145617247033
5,model.6.m.0.m.0.cv2.conv,feasible,,64,56,8,0.1543513210126548,9363144,10.660352,0.03284480000000123,0.01284437814731132,4.699414245562434
5,model.6.m.0.m.1.cv1.conv,feasible,,64,56,8,0.24963759469392244,9374440,10.6784256,0.014771200000000206,0.011170750874298307,16.90029210178719
5,model.6.m.0.m.1.cv2.conv,feasible,,64,56,8,0.18188133960939012,9363144,10.660352,0.03284480000000123,0.01284437814731132,5.537599242783738
5,model.7.conv,feasible,,512,504,8,0.11021360519225709,9361128,10.6841792,0.009017599999999959,0.010637963721876753,12.22205522447853
5,model.8.cv2.conv,feasible,,512,504,8,0.07960463270865148,9375464,10.6899136,0.0032832000000002637,0.010106954502110632,24.24605041077153
5,model.8.m.0.cv1.conv,feasible,,128,120,8,0.04265329105692217,9342664,10.6767936,0.01640320000000095,0.01132187515001315,2.600303054094305
5,model.8.m.0.cv2.conv,feasible,,128,120,8,0.015580691699142335,9379560,10.691552,0.001644800000001112,0.009955237582177534,9.472696801514957
5,model.8.m.0.cv3.conv,rejected,ValueError: protect_CSP_chunk_width:model.8.cv1.conv,,,,,,,,,
5,model.8.m.0.m.0.cv1.conv,feasible,,128,120,8,0.05898893894845969,9365224,10.6858176,0.007379200000000807,0.010486246801943655,7.993947710924387
5,model.8.m.0.m.0.cv2.conv,feasible,,128,120,8,0.06556762702894048,9342664,10.6767936,0.01640320000000095,0.01132187515001315,3.997246087893623
5,model.8.m.0.m.1.cv1.conv,feasible,,128,120,8,0.05229842906919657,9365224,10.6858176,0.007379200000000807,0.010486246801943655,7.087276272386011
5,model.8.m.0.m.1.cv2.conv,feasible,,128,120,8,0.05882801012558048,9342664,10.6767936,0.01640320000000095,0.01132187515001315,3.5863740078507282
5,model.9.cv1.conv,feasible,,256,248,8,0.08739875936225872,9363176,10.6849888,0.008208000000001547,0.010562994228238032,10.64799699832386
5,model.9.cv2.conv,rejected,ValueError: protect_stem_attention_DFL:model.10.cv1.conv,,,,,,,,,
5,model.13.cv2.conv,feasible,,256,248,8,0.11759746192547027,9377512,10.6783744,0.014822400000001679,0.011175492028046352,7.93376659147351
5,model.13.m.0.cv1.conv,feasible,,64,56,8,0.46857728314353153,9365224,10.66368,0.029516800000001453,0.012536203153697079,15.87493505879731
5,model.16.cv2.conv,feasible,,120,112,8,0.16558765847730683,9367184,10.6319104,0.061286400000000185,0.015478089054276056,2.701866294598905
5,model.16.m.0.cv2.conv,rejected,ValueError: protect_CSP_chunk_width:model.16.cv1.conv,,,,,,,,,
5,model.17.conv,feasible,,128,120,8,0.11588363174814731,9372968,10.6760704,0.01712640000000043,0.011388843946702365,6.76637423791015
5,model.19.cv2.conv,feasible,,240,232,8,0.05481741233597859,9356432,10.6717312,0.021465600000000862,0.011790656726837878,2.5537330582875106
5,model.19.m.0.cv1.conv,feasible,,64,56,8,0.266423247900093,9365224,10.66368,0.029516800000001453,0.012536203153697079,9.026156219511595
5,model.19.m.0.cv2.conv,rejected,ValueError: protect_CSP_chunk_width:model.19.cv1.conv,,,,,,,,,
5,model.20.conv,feasible,,256,248,8,0.049285872275504516,9362280,10.68464,0.00855680000000092,0.010595293338145684,5.7598485737073695
5,model.22.cv2.conv,feasible,,512,504,8,0.01521863833477255,9371792,10.6884448,0.004752000000001644,0.010242966350254012,3.202575407147998
5,model.22.m.0.cv1.conv,feasible,,128,120,8,0.044743326914613135,9342664,10.6767936,0.01640320000000095,0.01132187515001315,2.727719403202457
5,model.22.m.0.cv2.conv,feasible,,120,112,8,0.004035019961293074,9379560,10.691552,0.001644800000001112,0.009955237582177534,2.4531979336638776
5,model.22.m.0.cv3.conv,rejected,ValueError: protect_CSP_chunk_width:model.22.cv1.conv,,,,,,,,,
5,model.22.m.0.m.0.cv1.conv,feasible,,128,120,8,0.10106834718681057,9365224,10.6858176,0.007379200000000807,0.010486246801943655,13.696382695522484
5,model.22.m.0.m.0.cv2.conv,feasible,,128,120,8,0.07001081353155314,9342664,10.6767936,0.01640320000000095,0.01132187515001315,4.2681192408523385
5,model.22.m.0.m.1.cv1.conv,feasible,,128,120,8,0.07346546119151753,9365224,10.6858176,0.007379200000000807,0.010486246801943655,9.955748752101785
5,model.22.m.0.m.1.cv2.conv,feasible,,128,120,8,0.050230271746841026,9342664,10.6767936,0.01640320000000095,0.01132187515001315,3.0622239408675207
6,model.1.conv,feasible,,64,56,8,0.35252590430900455,9376728,10.6190528,0.07249919999999932,0.016668711289220428,4.862479921281999
6,model.2.cv2.conv,feasible,,128,120,8,0.26775179627293255,9369560,10.6124992,0.07905279999999948,0.017275578968953154,3.3869995278210805
6,model.3.conv,feasible,,128,120,8,0.3316289447102463,9369304,10.6259136,0.06563839999999921,0.016033396687000323,5.052361799042181
6,model.4.cv2.conv,feasible,,256,248,8,0.23322998748335522,9358552,10.6455744,0.04597760000000051,0.014212793647802258,5.072687297365514
6,model.4.m.0.cv2.conv,rejected,ValueError: protect_CSP_chunk_width:model.4.cv1.conv,,,,,,,,,
6,model.5.conv,feasible,,256,248,8,0.2536716407194035,9359064,10.6587584,0.032793599999999756,0.012991946557714962,7.735400831851502
6,model.6.cv2.conv,feasible,,256,248,8,0.1526780080894241,9337560,10.6685888,0.022963199999999517,0.012081645038115929,6.648812364540976
6,model.6.m.0.cv1.conv,feasible,,64,56,8,0.09312191219214583,9359032,10.6587072,0.03284479999999945,0.012996687711462895,2.8352102065516425
6,model.6.m.0.cv2.conv,feasible,,64,56,8,0.04482214920062688,9377496,10.6882496,0.0033023999999990394,0.010261041998917753,13.572598474030983
6,model.6.m.0.cv3.conv,rejected,ValueError: protect_CSP_chunk_width:model.6.cv1.conv,,,,,,,,,
6,model.6.m.0.m.0.cv1.conv,feasible,,64,56,8,0.22967953974148259,9370328,10.6767808,0.014771200000000206,0.011323060438450105,15.549145617247033
6,model.6.m.0.m.0.cv2.conv,feasible,,64,56,8,0.1543513210126548,9359032,10.6587072,0.03284479999999945,0.012996687711462895,4.699414245562688
6,model.6.m.0.m.1.cv1.conv,feasible,,64,56,8,0.24963759469392244,9370328,10.6767808,0.014771200000000206,0.011323060438450105,16.90029210178719
6,model.6.m.0.m.1.cv2.conv,feasible,,64,56,8,0.18188133960939012,9359032,10.6587072,0.03284479999999945,0.012996687711462895,5.5375992427840375
6,model.7.conv,feasible,,512,504,8,0.11021360519225709,9357016,10.6825344,0.009017599999999959,0.010790273286028551,12.22205522447853
6,model.8.cv2.conv,feasible,,512,504,8,0.07960463270865148,9371352,10.6882688,0.0032832000000002637,0.01025926406626243,24.24605041077153
6,model.8.m.0.cv1.conv,feasible,,128,120,8,0.04265329105692217,9338552,10.6751488,0.016403199999999174,0.011474184714164726,2.6003030540945864
6,model.8.m.0.cv2.conv,feasible,,128,120,8,0.015580691699142335,9375448,10.6899072,0.0016447999999993357,0.010107547146329221,9.472696801525187
6,model.8.m.0.cv3.conv,rejected,ValueError: protect_CSP_chunk_width:model.8.cv1.conv,,,,,,,,,
6,model.8.m.0.m.0.cv1.conv,feasible,,128,120,8,0.05898893894845969,9361112,10.6841728,0.007379199999999031,0.010638556366095231,7.993947710926311
6,model.8.m.0.m.0.cv2.conv,feasible,,128,120,8,0.06556762702894048,9338552,10.6751488,0.016403199999999174,0.011474184714164726,3.997246087894056
6,model.8.m.0.m.1.cv1.conv,feasible,,128,120,8,0.05229842906919657,9361112,10.6841728,0.007379199999999031,0.010638556366095231,7.087276272387717
6,model.8.m.0.m.1.cv2.conv,feasible,,128,120,8,0.05882801012558048,9338552,10.6751488,0.016403199999999174,0.011474184714164726,3.586374007851117
6,model.9.cv1.conv,feasible,,256,248,8,0.08739875936225872,9359064,10.683344,0.008207999999999771,0.010715303792389608,10.647996998326164
6,model.9.cv2.conv,rejected,ValueError: protect_stem_attention_DFL:model.10.cv1.conv,,,,,,,,,
6,model.13.cv2.conv,feasible,,256,248,8,0.11759746192547027,9373400,10.6767296,0.014822399999999902,0.011327801592198039,7.933766591474461
6,model.13.m.0.cv1.conv,feasible,,64,56,8,0.46857728314353153,9361112,10.6620352,0.029516799999999677,0.012688512717848655,15.874935058798266
6,model.16.cv2.conv,feasible,,120,112,8,0.16558765847730683,9363072,10.6302656,0.061286400000000185,0.015630398618427854,2.701866294598905
6,model.16.m.0.cv2.conv,rejected,ValueError: protect_CSP_chunk_width:model.16.cv1.conv,,,,,,,,,
6,model.17.conv,feasible,,128,120,8,0.11588363174814731,9368856,10.6744256,0.01712640000000043,0.011541153510854052,6.76637423791015
6,model.19.cv2.conv,feasible,,240,232,8,0.05481741233597859,9352320,10.6700864,0.021465599999999085,0.011942966290989454,2.553733058287722
6,model.19.m.0.cv1.conv,feasible,,64,56,8,0.266423247900093,9361112,10.6620352,0.029516799999999677,0.012688512717848655,9.026156219512139
6,model.19.m.0.cv2.conv,rejected,ValueError: protect_CSP_chunk_width:model.19.cv1.conv,,,,,,,,,
6,model.20.conv,feasible,,256,248,8,0.049285872275504516,9358168,10.6829952,0.008556799999999143,0.01074760290229726,5.759848573708566
6,model.22.cv2.conv,feasible,,512,504,8,0.01521863833477255,9367680,10.6868,0.0047519999999998674,0.010395275914405588,3.2025754071491948
6,model.22.m.0.cv1.conv,feasible,,128,120,8,0.044743326914613135,9338552,10.6751488,0.016403199999999174,0.011474184714164726,2.7277194032027525
6,model.22.m.0.cv2.conv,feasible,,112,104,8,0.004420521231622843,9375448,10.6899072,0.0016447999999993357,0.010107547146329221,2.6875737059974636
6,model.22.m.0.cv3.conv,rejected,ValueError: protect_CSP_chunk_width:model.22.cv1.conv,,,,,,,,,
6,model.22.m.0.m.0.cv1.conv,feasible,,128,120,8,0.10106834718681057,9361112,10.6841728,0.007379199999999031,0.010638556366095231,13.69638269552578
6,model.22.m.0.m.0.cv2.conv,feasible,,128,120,8,0.07001081353155314,9338552,10.6751488,0.016403199999999174,0.011474184714164726,4.268119240852801
6,model.22.m.0.m.1.cv1.conv,feasible,,128,120,8,0.07346546119151753,9361112,10.6841728,0.007379199999999031,0.010638556366095231,9.955748752104181
6,model.22.m.0.m.1.cv2.conv,feasible,,128,120,8,0.050230271746841026,9338552,10.6751488,0.016403199999999174,0.011474184714164726,3.0622239408678524
7,model.1.conv,feasible,,64,56,8,0.35252590430900455,9349488,10.5975872,0.0724992000000011,0.01865643999803246,4.862479921281879
7,model.2.cv2.conv,feasible,,128,120,8,0.26775179627293255,9342320,10.5910336,0.07905280000000126,0.019263307677765185,3.3869995278210046
7,model.3.conv,feasible,,128,120,8,0.3316289447102463,9342064,10.604448,0.06563840000000098,0.018021125395812354,5.052361799042044
7,model.4.cv2.conv,feasible,,256,248,8,0.23322998748335522,9331312,10.6241088,0.04597760000000051,0.016200522356614178,5.072687297365514
7,model.4.m.0.cv2.conv,rejected,ValueError: protect_CSP_chunk_width:model.4.cv1.conv,,,,,,,,,
7,model.5.conv,feasible,,256,248,8,0.2536716407194035,9331824,10.6372928,0.032793599999999756,0.014979675266526882,7.735400831851502
7,model.6.cv2.conv,feasible,,256,248,8,0.1526780080894241,9310320,10.6471232,0.022963200000001294,0.01406937374692796,6.64881236454046
7,model.6.m.0.cv1.conv,feasible,,64,56,8,0.09312191219214583,9331792,10.6372416,0.03284480000000123,0.014984416420274926,2.835210206551489
7,model.6.m.0.cv2.conv,feasible,,64,56,8,0.04482214920062688,9350256,10.666784,0.003302400000000816,0.012248770707729895,13.572598474023682
7,model.6.m.0.cv3.conv,rejected,ValueError: protect_CSP_chunk_width:model.6.cv1.conv,,,,,,,,,
7,model.6.m.0.m.0.cv1.conv,feasible,,64,56,8,0.22967953974148259,9343088,10.6553152,0.014771200000000206,0.013310789147262025,15.549145617247033
7,model.6.m.0.m.0.cv2.conv,feasible,,64,56,8,0.1543513210126548,9331792,10.6372416,0.03284480000000123,0.014984416420274926,4.699414245562434
7,model.6.m.0.m.1.cv1.conv,feasible,,64,56,8,0.24963759469392244,9343088,10.6553152,0.014771200000000206,0.013310789147262025,16.90029210178719
7,model.6.m.0.m.1.cv2.conv,feasible,,64,56,8,0.18188133960939012,9331792,10.6372416,0.03284480000000123,0.014984416420274926,5.537599242783738
7,model.7.conv,feasible,,512,504,8,0.11021360519225709,9329776,10.6610688,0.009017599999999959,0.01277800199484036,12.22205522447853
7,model.8.cv2.conv,feasible,,512,504,8,0.07960463270865148,9344112,10.6668032,0.0032832000000002637,0.01224699277507435,24.24605041077153
7,model.8.m.0.cv1.conv,feasible,,128,120,8,0.04265329105692217,9311312,10.6536832,0.01640320000000095,0.013461913422976757,2.600303054094305
7,model.8.m.0.cv2.conv,feasible,,128,120,8,0.015580691699142335,9348208,10.6684416,0.001644800000001112,0.012095275855141252,9.472696801514957
7,model.8.m.0.cv3.conv,rejected,ValueError: protect_CSP_chunk_width:model.8.cv1.conv,,,,,,,,,
7,model.8.m.0.m.0.cv1.conv,feasible,,128,120,8,0.05898893894845969,9333872,10.6627072,0.007379200000000807,0.012626285074907262,7.993947710924387
7,model.8.m.0.m.0.cv2.conv,feasible,,128,120,8,0.06556762702894048,9311312,10.6536832,0.01640320000000095,0.013461913422976757,3.997246087893623
7,model.8.m.0.m.1.cv1.conv,feasible,,128,120,8,0.05229842906919657,9333872,10.6627072,0.007379200000000807,0.012626285074907262,7.087276272386011
7,model.8.m.0.m.1.cv2.conv,feasible,,128,120,8,0.05882801012558048,9311312,10.6536832,0.01640320000000095,0.013461913422976757,3.5863740078507282
7,model.9.cv1.conv,feasible,,256,248,8,0.08739875936225872,9331824,10.6618784,0.008207999999999771,0.012703032501201528,10.647996998326164
7,model.9.cv2.conv,rejected,ValueError: protect_stem_attention_DFL:model.10.cv1.conv,,,,,,,,,
7,model.13.cv2.conv,feasible,,256,248,8,0.11759746192547027,9346160,10.655264,0.014822399999999902,0.013315530301009848,7.933766591474461
7,model.13.m.0.cv1.conv,feasible,,64,56,8,0.46857728314353153,9333872,10.6405696,0.029516800000001453,0.014676241426660686,15.87493505879731
7,model.16.cv2.conv,feasible,,120,112,8,0.16558765847730683,9335832,10.6088,0.061286400000000185,0.017618127327239774,2.701866294598905
7,model.16.m.0.cv2.conv,rejected,ValueError: protect_CSP_chunk_width:model.16.cv1.conv,,,,,,,,,
7,model.17.conv,feasible,,128,120,8,0.11588363174814731,9341616,10.65296,0.01712640000000043,0.013528882219665972,6.76637423791015
7,model.19.cv2.conv,feasible,,232,224,8,0.057424107548285974,9325080,10.6486208,0.021465600000000862,0.013930694999801485,2.6751689935656895
7,model.19.m.0.cv1.conv,feasible,,64,56,8,0.266423247900093,9333872,10.6405696,0.029516800000001453,0.014676241426660686,9.026156219511595
7,model.19.m.0.cv2.conv,rejected,ValueError: protect_CSP_chunk_width:model.19.cv1.conv,,,,,,,,,
7,model.20.conv,feasible,,256,248,8,0.049285872275504516,9331504,10.66176,0.0083264000000014,0.012713996419243756,5.919229471980236
7,model.22.cv2.conv,feasible,,512,504,8,0.01521863833477255,9340440,10.6653344,0.0047519999999998674,0.012383004623217508,3.2025754071491948
7,model.22.m.0.cv1.conv,feasible,,128,120,8,0.044743326914613135,9311312,10.6536832,0.01640320000000095,0.013461913422976757,2.727719403202457
7,model.22.m.0.cv2.conv,feasible,,112,104,8,0.004420521231622843,9348208,10.6684416,0.001644800000001112,0.012095275855141252,2.687573705994561
7,model.22.m.0.cv3.conv,rejected,ValueError: protect_CSP_chunk_width:model.22.cv1.conv,,,,,,,,,
7,model.22.m.0.m.0.cv1.conv,feasible,,128,120,8,0.10106834718681057,9333872,10.6627072,0.007379200000000807,0.012626285074907262,13.696382695522484
7,model.22.m.0.m.0.cv2.conv,feasible,,128,120,8,0.07001081353155314,9311312,10.6536832,0.01640320000000095,0.013461913422976757,4.2681192408523385
7,model.22.m.0.m.1.cv1.conv,feasible,,128,120,8,0.07346546119151753,9333872,10.6627072,0.007379200000000807,0.012626285074907262,9.955748752101785
7,model.22.m.0.m.1.cv2.conv,feasible,,128,120,8,0.050230271746841026,9311312,10.6536832,0.01640320000000095,0.013461913422976757,3.0622239408675207
8,model.1.conv,feasible,,64,56,8,0.35252590430900455,9308480,10.581184,0.07249919999999932,0.02017538713001965,4.862479921281999
8,model.2.cv2.conv,feasible,,128,120,8,0.26775179627293255,9301312,10.5746304,0.07905279999999948,0.020782254809752376,3.3869995278210805
8,model.3.conv,feasible,,128,120,8,0.3316289447102463,9301056,10.5880448,0.06563839999999921,0.019540072527799435,5.052361799042181
8,model.4.cv2.conv,feasible,,256,248,8,0.23322998748335522,9290304,10.6077056,0.04597760000000051,0.01771946948860148,5.072687297365514
8,model.4.m.0.cv2.conv,rejected,ValueError: protect_CSP_chunk_width:model.4.cv1.conv,,,,,,,,,
8,model.5.conv,feasible,,256,248,8,0.2536716407194035,9290816,10.6208896,0.032793599999999756,0.016498622398514184,7.735400831851502
8,model.6.cv2.conv,feasible,,256,248,8,0.1526780080894241,9269312,10.63072,0.022963199999999517,0.01558832087891504,6.648812364540976
8,model.6.m.0.cv1.conv,feasible,,64,56,8,0.09312191219214583,9290784,10.6208384,0.03284479999999945,0.016503363552262007,2.8352102065516425
8,model.6.m.0.cv2.conv,feasible,,64,56,8,0.04482214920062688,9309248,10.6503808,0.0033023999999990394,0.013767717839716975,13.572598474030983
8,model.6.m.0.cv3.conv,rejected,ValueError: protect_CSP_chunk_width:model.6.cv1.conv,,,,,,,,,
8,model.6.m.0.m.0.cv1.conv,feasible,,64,56,8,0.22967953974148259,9302080,10.638912,0.014771200000000206,0.014829736279249328,15.549145617247033
8,model.6.m.0.m.0.cv2.conv,feasible,,64,56,8,0.1543513210126548,9290784,10.6208384,0.03284479999999945,0.016503363552262007,4.699414245562688
8,model.6.m.0.m.1.cv1.conv,feasible,,64,56,8,0.24963759469392244,9302080,10.638912,0.014771200000000206,0.014829736279249328,16.90029210178719
8,model.6.m.0.m.1.cv2.conv,feasible,,64,56,8,0.18188133960939012,9290784,10.6208384,0.03284479999999945,0.016503363552262007,5.5375992427840375
8,model.7.conv,feasible,,512,504,8,0.11021360519225709,9288768,10.6446656,0.009017599999999959,0.014296949126827663,12.22205522447853
8,model.8.cv2.conv,feasible,,512,504,8,0.07960463270865148,9303104,10.6504,0.0032832000000002637,0.013765939907061653,24.24605041077153
8,model.8.m.0.cv1.conv,feasible,,120,112,8,0.0589791791717289,9270304,10.63728,0.016403199999999174,0.014980860554963837,3.5955898344062054
8,model.8.m.0.cv2.conv,feasible,,128,120,8,0.015580691699142335,9307200,10.6520384,0.0016447999999993357,0.013614222987128333,9.472696801525187
8,model.8.m.0.cv3.conv,rejected,ValueError: protect_CSP_chunk_width:model.8.cv1.conv,,,,,,,,,
8,model.8.m.0.m.0.cv1.conv,feasible,,128,120,8,0.05898893894845969,9294016,10.6467648,0.006918399999999991,0.014102561823163273,8.526384561236668
8,model.8.m.0.m.0.cv2.conv,feasible,,120,112,8,0.0760148638728424,9270304,10.63728,0.016403199999999174,0.014980860554963837,4.634148451085534
8,model.8.m.0.m.1.cv1.conv,feasible,,128,120,8,0.05229842906919657,9294016,10.6467648,0.006918399999999991,0.014102561823163273,7.559324275728006
8,model.8.m.0.m.1.cv2.conv,feasible,,120,112,8,0.07124925615062239,9270304,10.63728,0.016403199999999174,0.014980860554963837,4.343619302979051
8,model.9.cv1.conv,feasible,,256,248,8,0.08739875936225872,9290816,10.6454752,0.008207999999999771,0.01422197963318883,10.647996998326164
8,model.9.cv2.conv,rejected,ValueError: protect_stem_attention_DFL:model.10.cv1.conv,,,,,,,,,
8,model.13.cv2.conv,feasible,,256,248,8,0.11759746192547027,9305152,10.6388608,0.014822399999999902,0.01483447743299715,7.933766591474461
8,model.13.m.0.cv1.conv,feasible,,64,56,8,0.46857728314353153,9292864,10.6241664,0.029516799999999677,0.016195188558647766,15.874935058798266
8,model.16.cv2.conv,feasible,,120,112,8,0.16558765847730683,9294824,10.5923968,0.061286400000000185,0.019137074459227077,2.701866294598905
8,model.16.m.0.cv2.conv,rejected,ValueError: protect_CSP_chunk_width:model.16.cv1.conv,,,,,,,,,
8,model.17.conv,feasible,,128,120,8,0.11588363174814731,9300608,10.6365568,0.01712640000000043,0.015047829351653275,6.76637423791015
8,model.19.cv2.conv,feasible,,232,224,8,0.057424107548285974,9284072,10.6322176,0.021465599999999085,0.015449642131788677,2.675168993565911
8,model.19.m.0.cv1.conv,feasible,,64,56,8,0.266423247900093,9292864,10.6241664,0.029516799999999677,0.016195188558647766,9.026156219512139
8,model.19.m.0.cv2.conv,rejected,ValueError: protect_CSP_chunk_width:model.19.cv1.conv,,,,,,,,,
8,model.20.conv,feasible,,256,248,8,0.049285872275504516,9290496,10.6453568,0.008326399999999623,0.014232943551230837,5.919229471981498
8,model.22.cv2.conv,feasible,,512,504,8,0.01521863833477255,9299432,10.6489312,0.0047519999999998674,0.013901951755204811,3.2025754071491948
8,model.22.m.0.cv1.conv,feasible,,128,120,8,0.044743326914613135,9270304,10.63728,0.016403199999999174,0.014980860554963837,2.7277194032027525
8,model.22.m.0.cv2.conv,feasible,,112,104,8,0.004420521231622843,9307200,10.6520384,0.0016447999999993357,0.013614222987128333,2.6875737059974636
8,model.22.m.0.cv3.conv,rejected,ValueError: protect_CSP_chunk_width:model.22.cv1.conv,,,,,,,,,
8,model.22.m.0.m.0.cv1.conv,feasible,,128,120,8,0.10106834718681057,9292864,10.646304,0.007379199999999031,0.014145232206894454,13.69638269552578
8,model.22.m.0.m.0.cv2.conv,feasible,,128,120,8,0.07001081353155314,9270304,10.63728,0.016403199999999174,0.014980860554963837,4.268119240852801
8,model.22.m.0.m.1.cv1.conv,feasible,,128,120,8,0.07346546119151753,9292864,10.646304,0.007379199999999031,0.014145232206894454,9.955748752104181
8,model.22.m.0.m.1.cv2.conv,feasible,,128,120,8,0.050230271746841026,9270304,10.63728,0.016403199999999174,0.014980860554963837,3.0622239408678524
9,model.1.conv,feasible,,64,56,8,0.35252590430900455,9281240,10.5597184,0.0724992000000011,0.022163115838831682,4.862479921281879
9,model.2.cv2.conv,feasible,,128,120,8,0.26775179627293255,9274072,10.5531648,0.07905280000000126,0.022769983518564407,3.3869995278210046
9,model.3.conv,feasible,,128,120,8,0.3316289447102463,9273816,10.5665792,0.06563840000000098,0.021527801236611466,5.052361799042044
9,model.4.cv2.conv,feasible,,256,248,8,0.23322998748335522,9263064,10.58624,0.04597760000000051,0.0197071981974134,5.072687297365514
9,model.4.m.0.cv2.conv,rejected,ValueError: protect_CSP_chunk_width:model.4.cv1.conv,,,,,,,,,
9,model.5.conv,feasible,,256,248,8,0.2536716407194035,9263576,10.599424,0.032793599999999756,0.018486351107325993,7.735400831851502
9,model.6.cv2.conv,feasible,,256,248,8,0.1526780080894241,9242072,10.6092544,0.022963200000001294,0.017576049587727183,6.64881236454046
9,model.6.m.0.cv1.conv,feasible,,64,56,8,0.09312191219214583,9263544,10.5993728,0.03284480000000123,0.018491092261074038,2.835210206551489
9,model.6.m.0.cv2.conv,feasible,,64,56,8,0.04482214920062688,9282008,10.6289152,0.003302400000000816,0.015755446548529006,13.572598474023682
9,model.6.m.0.cv3.conv,rejected,ValueError: protect_CSP_chunk_width:model.6.cv1.conv,,,,,,,,,
9,model.6.m.0.m.0.cv1.conv,feasible,,64,56,8,0.22967953974148259,9274840,10.6174464,0.014771200000000206,0.016817464988061137,15.549145617247033
9,model.6.m.0.m.0.cv2.conv,feasible,,64,56,8,0.1543513210126548,9263544,10.5993728,0.03284480000000123,0.018491092261074038,4.699414245562434
9,model.6.m.0.m.1.cv1.conv,feasible,,64,56,8,0.24963759469392244,9274840,10.6174464,0.014771200000000206,0.016817464988061137,16.90029210178719
9,model.6.m.0.m.1.cv2.conv,feasible,,64,56,8,0.18188133960939012,9263544,10.5993728,0.03284480000000123,0.018491092261074038,5.537599242783738
9,model.7.conv,feasible,,512,504,8,0.11021360519225709,9261528,10.6232,0.009017599999999959,0.016284677835639583,12.22205522447853
9,model.8.cv2.conv,feasible,,512,504,8,0.07960463270865148,9275864,10.6289344,0.0032832000000002637,0.015753668615873462,24.24605041077153
9,model.8.m.0.cv1.conv,feasible,,120,112,8,0.0589791791717289,9243064,10.6158144,0.01640320000000095,0.01696858926377598,3.5955898344058164
9,model.8.m.0.cv2.conv,feasible,,128,120,8,0.015580691699142335,9279960,10.6305728,0.001644800000001112,0.015601951695940364,9.472696801514957
9,model.8.m.0.cv3.conv,rejected,ValueError: protect_CSP_chunk_width:model.8.cv1.conv,,,,,,,,,
9,model.8.m.0.m.0.cv1.conv,feasible,,128,120,8,0.05898893894845969,9266776,10.6252992,0.006918399999999991,0.016090290531975193,8.526384561236668
9,model.8.m.0.m.0.cv2.conv,feasible,,120,112,8,0.0760148638728424,9243064,10.6158144,0.01640320000000095,0.01696858926377598,4.634148451085032
9,model.8.m.0.m.1.cv1.conv,feasible,,128,120,8,0.05229842906919657,9266776,10.6252992,0.006918399999999991,0.016090290531975193,7.559324275728006
9,model.8.m.0.m.1.cv2.conv,feasible,,120,112,8,0.07124925615062239,9243064,10.6158144,0.01640320000000095,0.01696858926377598,4.343619302978581
9,model.9.cv1.conv,feasible,,256,248,8,0.08739875936225872,9263576,10.6240096,0.008207999999999771,0.01620970834200075,10.647996998326164
9,model.9.cv2.conv,rejected,ValueError: protect_stem_attention_DFL:model.10.cv1.conv,,,,,,,,,
9,model.13.cv2.conv,feasible,,256,248,8,0.11759746192547027,9277912,10.6173952,0.014822399999999902,0.01682220614180907,7.933766591474461
9,model.13.m.0.cv1.conv,feasible,,64,56,8,0.46857728314353153,9265624,10.6027008,0.029516800000001453,0.018182917267459797,15.87493505879731
9,model.16.cv2.conv,feasible,,120,112,8,0.16558765847730683,9267584,10.5709312,0.061286400000000185,0.021124803168038886,2.701866294598905
9,model.16.m.0.cv2.conv,rejected,ValueError: protect_CSP_chunk_width:model.16.cv1.conv,,,,,,,,,
9,model.17.conv,feasible,,128,120,8,0.11588363174814731,9273368,10.6150912,0.01712640000000043,0.017035558060465084,6.76637423791015
9,model.19.cv2.conv,feasible,,224,216,8,0.05867844069507555,9256832,10.610752,0.021465600000000862,0.017437370840600708,2.7336035654756072
9,model.19.m.0.cv1.conv,feasible,,64,56,8,0.266423247900093,9265624,10.6027008,0.029516800000001453,0.018182917267459797,9.026156219511595
9,model.19.m.0.cv2.conv,rejected,ValueError: protect_CSP_chunk_width:model.19.cv1.conv,,,,,,,,,
9,model.20.conv,feasible,,256,248,8,0.049285872275504516,9263832,10.6241216,0.008096000000000103,0.016199337068177222,6.087681852211449
9,model.22.cv2.conv,feasible,,512,504,8,0.01521863833477255,9272192,10.6274656,0.0047519999999998674,0.01588968046401673,3.2025754071491948
9,model.22.m.0.cv1.conv,feasible,,128,120,8,0.044743326914613135,9243064,10.6158144,0.01640320000000095,0.01696858926377598,2.727719403202457
9,model.22.m.0.cv2.conv,feasible,,112,104,8,0.004420521231622843,9279960,10.6305728,0.001644800000001112,0.015601951695940364,2.687573705994561
9,model.22.m.0.cv3.conv,rejected,ValueError: protect_CSP_chunk_width:model.22.cv1.conv,,,,,,,,,
9,model.22.m.0.m.0.cv1.conv,feasible,,128,120,8,0.10106834718681057,9265624,10.6248384,0.007379200000000807,0.016132960915706485,13.696382695522484
9,model.22.m.0.m.0.cv2.conv,feasible,,128,120,8,0.07001081353155314,9243064,10.6158144,0.01640320000000095,0.01696858926377598,4.2681192408523385
9,model.22.m.0.m.1.cv1.conv,feasible,,128,120,8,0.07346546119151753,9265624,10.6248384,0.007379200000000807,0.016132960915706485,9.955748752101785
9,model.22.m.0.m.1.cv2.conv,feasible,,128,120,8,0.050230271746841026,9243064,10.6158144,0.01640320000000095,0.01696858926377598,3.0622239408675207
10,model.1.conv,feasible,,64,56,8,0.35252590430900455,9277128,10.5580736,0.07249919999999932,0.022315425402983258,4.862479921281999
10,model.2.cv2.conv,feasible,,128,120,8,0.26775179627293255,9269960,10.55152,0.07905279999999948,0.022922293082715983,3.3869995278210805
10,model.3.conv,feasible,,128,120,8,0.3316289447102463,9269704,10.5649344,0.06563839999999921,0.02168011080076304,5.052361799042181
10,model.4.cv2.conv,feasible,,256,248,8,0.23322998748335522,9258952,10.5845952,0.04597759999999873,0.019859507761564976,5.07268729736571
10,model.4.m.0.cv2.conv,rejected,ValueError: protect_CSP_chunk_width:model.4.cv1.conv,,,,,,,,,
10,model.5.conv,feasible,,256,248,8,0.2536716407194035,9259464,10.5977792,0.032793599999999756,0.01863866067147779,7.735400831851502
10,model.6.cv2.conv,feasible,,256,248,8,0.1526780080894241,9237960,10.6076096,0.022963199999999517,0.01772835915187876,6.648812364540976
10,model.6.m.0.cv1.conv,feasible,,64,56,8,0.09312191219214583,9259432,10.597728,0.03284479999999945,0.018643401825225725,2.8352102065516425
10,model.6.m.0.cv2.conv,feasible,,64,56,8,0.04482214920062688,9277896,10.6272704,0.0033023999999990394,0.015907756112680582,13.572598474030983
10,model.6.m.0.cv3.conv,rejected,ValueError: protect_CSP_chunk_width:model.6.cv1.conv,,,,,,,,,
10,model.6.m.0.m.0.cv1.conv,feasible,,64,56,8,0.22967953974148259,9270728,10.6158016,0.014771200000000206,0.016969774552212935,15.549145617247033
10,model.6.m.0.m.0.cv2.conv,feasible,,64,56,8,0.1543513210126548,9259432,10.597728,0.03284479999999945,0.018643401825225725,4.699414245562688
10,model.6.m.0.m.1.cv1.conv,feasible,,64,56,8,0.24963759469392244,9270728,10.6158016,0.014771200000000206,0.016969774552212935,16.90029210178719
10,model.6.m.0.m.1.cv2.conv,feasible,,64,56,8,0.18188133960939012,9259432,10.597728,0.03284479999999945,0.018643401825225725,5.5375992427840375
10,model.7.conv,feasible,,512,504,8,0.11021360519225709,9257416,10.6215552,0.009017599999999959,0.01643698739979138,12.22205522447853
10,model.8.cv2.conv,feasible,,512,504,8,0.07960463270865148,9271752,10.6272896,0.0032832000000002637,0.01590597818002526,24.24605041077153
10,model.8.m.0.cv1.conv,feasible,,120,112,8,0.0589791791717289,9238952,10.6141696,0.016403199999999174,0.017120898827927555,3.5955898344062054
10,model.8.m.0.cv2.conv,feasible,,128,120,8,0.015580691699142335,9275848,10.628928,0.0016447999999993357,0.01575426126009205,9.472696801525187
10,model.8.m.0.cv3.conv,rejected,ValueError: protect_CSP_chunk_width:model.8.cv1.conv,,,,,,,,,
10,model.8.m.0.m.0.cv1.conv,feasible,,128,120,8,0.05898893894845969,9262664,10.6236544,0.006918399999999991,0.01624260009612699,8.526384561236668
10,model.8.m.0.m.0.cv2.conv,feasible,,120,112,8,0.0760148638728424,9238952,10.6141696,0.016403199999999174,0.017120898827927555,4.634148451085534
10,model.8.m.0.m.1.cv1.conv,feasible,,128,120,8,0.05229842906919657,9262664,10.6236544,0.006918399999999991,0.01624260009612699,7.559324275728006
10,model.8.m.0.m.1.cv2.conv,feasible,,120,112,8,0.07124925615062239,9238952,10.6141696,0.016403199999999174,0.017120898827927555,4.343619302979051
10,model.9.cv1.conv,feasible,,256,248,8,0.08739875936225872,9259464,10.6223648,0.008207999999999771,0.016362017906152437,10.647996998326164
10,model.9.cv2.conv,rejected,ValueError: protect_stem_attention_DFL:model.10.cv1.conv,,,,,,,,,
10,model.13.cv2.conv,feasible,,256,248,8,0.11759746192547027,9273800,10.6157504,0.014822399999999902,0.01697451570596087,7.933766591474461
10,model.13.m.0.cv1.conv,feasible,,64,56,8,0.46857728314353153,9261512,10.601056,0.029516799999999677,0.018335226831611484,15.874935058798266
10,model.16.cv2.conv,feasible,,120,112,8,0.16558765847730683,9263472,10.5692864,0.061286400000000185,0.021277112732190684,2.701866294598905
10,model.16.m.0.cv2.conv,rejected,ValueError: protect_CSP_chunk_width:model.16.cv1.conv,,,,,,,,,
10,model.17.conv,feasible,,128,120,8,0.11588363174814731,9269256,10.6134464,0.017126399999998654,0.01718786762461677,6.766374237910852
10,model.19.cv2.conv,feasible,,224,216,8,0.05867844069507555,9252720,10.6091072,0.021465599999999085,0.017589680404752284,2.7336035654758333
10,model.19.m.0.cv1.conv,feasible,,64,56,8,0.266423247900093,9261512,10.601056,0.029516799999999677,0.018335226831611484,9.026156219512139
10,model.19.m.0.cv2.conv,rejected,ValueError: protect_CSP_chunk_width:model.19.cv1.conv,,,,,,,,,
10,model.20.conv,feasible,,256,248,8,0.049285872275504516,9259720,10.6224768,0.008096000000000103,0.01635164663232891,6.087681852211449
10,model.22.cv2.conv,feasible,,512,504,8,0.01521863833477255,9268080,10.6258208,0.0047519999999998674,0.016041990028168418,3.2025754071491948
10,model.22.m.0.cv1.conv,feasible,,128,120,8,0.044743326914613135,9238952,10.6141696,0.016403199999999174,0.017120898827927555,2.7277194032027525
10,model.22.m.0.cv2.conv,feasible,,104,96,8,0.00463012866111967,9275848,10.628928,0.0016447999999993357,0.01575426126009205,2.815010129572921
10,model.22.m.0.cv3.conv,rejected,ValueError: protect_CSP_chunk_width:model.22.cv1.conv,,,,,,,,,
10,model.22.m.0.m.0.cv1.conv,feasible,,128,120,8,0.10106834718681057,9261512,10.6231936,0.007379199999999031,0.01628527047985806,13.69638269552578
10,model.22.m.0.m.0.cv2.conv,feasible,,128,120,8,0.07001081353155314,9238952,10.6141696,0.016403199999999174,0.017120898827927555,4.268119240852801
10,model.22.m.0.m.1.cv1.conv,feasible,,128,120,8,0.07346546119151753,9261512,10.6231936,0.007379199999999031,0.01628527047985806,9.955748752104181
10,model.22.m.0.m.1.cv2.conv,feasible,,128,120,8,0.050230271746841026,9238952,10.6141696,0.016403199999999174,0.017120898827927555,3.0622239408678524
11,model.1.conv,feasible,,64,56,8,0.35252590430900455,9260640,10.4967872,0.07249919999999932,0.027990586439233578,4.862479921281999
11,model.2.cv2.conv,feasible,,128,120,8,0.26775179627293255,9253472,10.4902336,0.07905279999999948,0.028597454118966303,3.3869995278210805
11,model.3.conv,feasible,,128,120,8,0.3316289447102463,9253216,10.503648,0.06563839999999921,0.027355271837013362,5.052361799042181
11,model.4.cv2.conv,feasible,,256,248,8,0.23322998748335522,9242464,10.5233088,0.04597759999999873,0.025534668797815296,5.07268729736571
11,model.4.m.0.cv2.conv,rejected,ValueError: protect_CSP_chunk_width:model.4.cv1.conv,,,,,,,,,
11,model.5.conv,feasible,,256,248,8,0.2536716407194035,9242976,10.5364928,0.032793599999999756,0.02431382170772811,7.735400831851502
11,model.6.cv2.conv,feasible,,256,248,8,0.1526780080894241,9221472,10.5463232,0.022963199999999517,0.02340352018812908,6.648812364540976
11,model.6.m.0.cv1.conv,feasible,,64,56,8,0.09312191219214583,9242944,10.5364416,0.03284479999999945,0.024318562861475934,2.8352102065516425
11,model.6.m.0.cv2.conv,feasible,,64,56,8,0.04482214920062688,9261408,10.565984,0.0033023999999990394,0.021582917148930902,13.572598474030983
11,model.6.m.0.cv3.conv,rejected,ValueError: protect_CSP_chunk_width:model.6.cv1.conv,,,,,,,,,
11,model.6.m.0.m.0.cv1.conv,feasible,,64,56,8,0.22967953974148259,9254240,10.5545152,0.01477119999999843,0.022644935588463033,15.549145617248904
11,model.6.m.0.m.0.cv2.conv,feasible,,64,56,8,0.1543513210126548,9242944,10.5364416,0.03284479999999945,0.024318562861475934,4.699414245562688
11,model.6.m.0.m.1.cv1.conv,feasible,,64,56,8,0.24963759469392244,9254240,10.5545152,0.01477119999999843,0.022644935588463033,16.900292101789223
11,model.6.m.0.m.1.cv2.conv,feasible,,64,56,8,0.18188133960939012,9242944,10.5364416,0.03284479999999945,0.024318562861475934,5.5375992427840375
11,model.7.conv,feasible,,512,504,8,0.11021360519225709,9240928,10.5602688,0.009017599999999959,0.02211214843604159,12.22205522447853
11,model.8.cv2.conv,feasible,,512,504,8,0.07960463270865148,9255264,10.5660032,0.0032831999999984873,0.021581139216275358,24.246050410784648
11,model.8.m.0.cv1.conv,feasible,,120,112,8,0.0589791791717289,9222464,10.5528832,0.016403199999999174,0.022796059864177765,3.5955898344062054
11,model.8.m.0.cv2.conv,feasible,,128,120,8,0.015580691699142335,9259360,10.5676416,0.0016447999999993357,0.02142942229634226,9.472696801525187
11,model.8.m.0.cv3.conv,rejected,ValueError: protect_CSP_chunk_width:model.8.cv1.conv,,,,,,,,,
11,model.8.m.0.m.0.cv1.conv,feasible,,128,120,8,0.05898893894845969,9246176,10.562368,0.006918399999999991,0.0219177611323772,8.526384561236668
11,model.8.m.0.m.0.cv2.conv,feasible,,120,112,8,0.0760148638728424,9222464,10.5528832,0.016403199999999174,0.022796059864177765,4.634148451085534
11,model.8.m.0.m.1.cv1.conv,feasible,,128,120,8,0.05229842906919657,9246176,10.562368,0.006918399999999991,0.0219177611323772,7.559324275728006
11,model.8.m.0.m.1.cv2.conv,feasible,,120,112,8,0.07124925615062239,9222464,10.5528832,0.016403199999999174,0.022796059864177765,4.343619302979051
11,model.9.cv1.conv,feasible,,256,248,8,0.08739875936225872,9242976,10.5610784,0.008207999999999771,0.022037178942402758,10.647996998326164
11,model.9.cv2.conv,rejected,ValueError: protect_stem_attention_DFL:model.10.cv1.conv,,,,,,,,,
11,model.13.cv2.conv,feasible,,256,248,8,0.11759746192547027,9257312,10.554464,0.014822399999999902,0.022649676742211078,7.933766591474461
11,model.13.m.0.cv1.conv,feasible,,64,56,8,0.46857728314353153,9245024,10.5397696,0.029516799999999677,0.024010387867861693,15.874935058798266
11,model.16.cv2.conv,feasible,,112,104,8,0.17535552080516936,9246984,10.508,0.061286400000000185,0.026952273768441004,2.8612468803057256
11,model.16.m.0.cv2.conv,rejected,ValueError: protect_CSP_chunk_width:model.16.cv1.conv,,,,,,,,,
11,model.17.conv,feasible,,128,120,8,0.11588363174814731,9253344,10.5530816,0.016204799999998798,0.02277768789340462,7.151191730114281
11,model.19.cv2.conv,feasible,,224,216,8,0.05867844069507555,9236232,10.5478208,0.021465599999999085,0.023264841441002604,2.7336035654758333
11,model.19.m.0.cv1.conv,feasible,,64,56,8,0.266423247900093,9245024,10.5397696,0.029516799999999677,0.024010387867861693,9.026156219512139
11,model.19.m.0.cv2.conv,rejected,ValueError: protect_CSP_chunk_width:model.19.cv1.conv,,,,,,,,,
11,model.20.conv,feasible,,256,248,8,0.049285872275504516,9243232,10.5611904,0.008096000000000103,0.02202680766857923,6.087681852211449
11,model.22.cv2.conv,feasible,,512,504,8,0.01521863833477255,9251592,10.5645344,0.0047519999999998674,0.021717151064418738,3.2025754071491948
11,model.22.m.0.cv1.conv,feasible,,128,120,8,0.044743326914613135,9222464,10.5528832,0.016403199999999174,0.022796059864177765,2.7277194032027525
11,model.22.m.0.cv2.conv,feasible,,104,96,8,0.00463012866111967,9259360,10.5676416,0.0016447999999993357,0.02142942229634226,2.815010129572921
11,model.22.m.0.cv3.conv,rejected,ValueError: protect_CSP_chunk_width:model.22.cv1.conv,,,,,,,,,
11,model.22.m.0.m.0.cv1.conv,feasible,,128,120,8,0.10106834718681057,9245024,10.5619072,0.007379199999999031,0.02196043151610838,13.69638269552578
11,model.22.m.0.m.0.cv2.conv,feasible,,128,120,8,0.07001081353155314,9222464,10.5528832,0.016403199999999174,0.022796059864177765,4.268119240852801
11,model.22.m.0.m.1.cv1.conv,feasible,,128,120,8,0.07346546119151753,9245024,10.5619072,0.007379199999999031,0.02196043151610838,9.955748752104181
11,model.22.m.0.m.1.cv2.conv,feasible,,128,120,8,0.050230271746841026,9222464,10.5528832,0.016403199999999174,0.022796059864177765,3.0622239408678524
12,model.1.conv,feasible,,64,56,8,0.35252590430900455,9219632,10.480384,0.07249919999999932,0.02950953357122066,4.862479921281999
12,model.2.cv2.conv,feasible,,128,120,8,0.26775179627293255,9212464,10.4738304,0.07905279999999948,0.030116401250953384,3.3869995278210805
12,model.3.conv,feasible,,128,120,8,0.3316289447102463,9212208,10.4872448,0.06563840000000098,0.028874218969000665,5.052361799042044
12,model.4.cv2.conv,feasible,,256,248,8,0.23322998748335522,9201456,10.5069056,0.04597760000000051,0.027053615929802488,5.072687297365514
12,model.4.m.0.cv2.conv,rejected,ValueError: protect_CSP_chunk_width:model.4.cv1.conv,,,,,,,,,
12,model.5.conv,feasible,,256,248,8,0.2536716407194035,9201968,10.5200896,0.032793599999999756,0.025832768839715192,7.735400831851502
12,model.6.cv2.conv,feasible,,256,248,8,0.1526780080894241,9180464,10.52992,0.022963199999999517,0.02492246732011616,6.648812364540976
12,model.6.m.0.cv1.conv,feasible,,64,56,8,0.09312191219214583,9201936,10.5200384,0.03284479999999945,0.025837509993463126,2.8352102065516425
12,model.6.m.0.cv2.conv,feasible,,64,56,8,0.04482214920062688,9220400,10.5495808,0.003302400000000816,0.023101864280918205,13.572598474023682
12,model.6.m.0.cv3.conv,rejected,ValueError: protect_CSP_chunk_width:model.6.cv1.conv,,,,,,,,,
12,model.6.m.0.m.0.cv1.conv,feasible,,64,56,8,0.22967953974148259,9213232,10.538112,0.014771200000000206,0.024163882720450336,15.549145617247033
12,model.6.m.0.m.0.cv2.conv,feasible,,64,56,8,0.1543513210126548,9201936,10.5200384,0.03284479999999945,0.025837509993463126,4.699414245562688
12,model.6.m.0.m.1.cv1.conv,feasible,,64,56,8,0.24963759469392244,9213232,10.538112,0.014771200000000206,0.024163882720450336,16.90029210178719
12,model.6.m.0.m.1.cv2.conv,feasible,,64,56,8,0.18188133960939012,9201936,10.5200384,0.03284479999999945,0.025837509993463126,5.5375992427840375
12,model.7.conv,feasible,,512,504,8,0.11021360519225709,9199920,10.5438656,0.009017599999999959,0.02363109556802878,12.22205522447853
12,model.8.cv2.conv,feasible,,512,504,8,0.07960463270865148,9214256,10.5496,0.0032832000000002637,0.02310008634826266,24.24605041077153
12,model.8.m.0.cv1.conv,feasible,,120,112,8,0.0589791791717289,9181456,10.53648,0.01640320000000095,0.024315006996165067,3.5955898344058164
12,model.8.m.0.cv2.conv,feasible,,128,120,8,0.015580691699142335,9218352,10.5512384,0.0016447999999993357,0.02294836942832945,9.472696801525187
12,model.8.m.0.cv3.conv,rejected,ValueError: protect_CSP_chunk_width:model.8.cv1.conv,,,,,,,,,
12,model.8.m.0.m.0.cv1.conv,feasible,,128,120,8,0.05898893894845969,9205168,10.5459648,0.006918399999999991,0.023436708264364392,8.526384561236668
12,model.8.m.0.m.0.cv2.conv,feasible,,120,112,8,0.0760148638728424,9181456,10.53648,0.01640320000000095,0.024315006996165067,4.634148451085032
12,model.8.m.0.m.1.cv1.conv,feasible,,128,120,8,0.05229842906919657,9205168,10.5459648,0.006918399999999991,0.023436708264364392,7.559324275728006
12,model.8.m.0.m.1.cv2.conv,feasible,,120,112,8,0.07124925615062239,9181456,10.53648,0.01640320000000095,0.024315006996165067,4.343619302978581
12,model.9.cv1.conv,feasible,,256,248,8,0.08739875936225872,9201968,10.5446752,0.008207999999999771,0.023556126074389838,10.647996998326164
12,model.9.cv2.conv,rejected,ValueError: protect_stem_attention_DFL:model.10.cv1.conv,,,,,,,,,
12,model.13.cv2.conv,feasible,,256,248,8,0.11759746192547027,9216304,10.5380608,0.014822399999999902,0.02416862387419827,7.933766591474461
12,model.13.m.0.cv1.conv,feasible,,64,56,8,0.46857728314353153,9204016,10.5233664,0.029516799999999677,0.025529334999848885,15.874935058798266
12,model.16.cv2.conv,feasible,,112,104,8,0.17535552080516936,9205976,10.4915968,0.061286400000000185,0.028471220900428085,2.8612468803057256
12,model.16.m.0.cv2.conv,rejected,ValueError: protect_CSP_chunk_width:model.16.cv1.conv,,,,,,,,,
12,model.17.conv,feasible,,128,120,8,0.11588363174814731,9212336,10.5366784,0.016204800000000574,0.02429663502539192,7.1511917301134975
12,model.19.cv2.conv,feasible,,224,216,8,0.05867844069507555,9195224,10.5314176,0.021465600000000862,0.024783788572989907,2.7336035654756072
12,model.19.m.0.cv1.conv,feasible,,64,56,8,0.266423247900093,9204016,10.5233664,0.029516799999999677,0.025529334999848885,9.026156219512139
12,model.19.m.0.cv2.conv,rejected,ValueError: protect_CSP_chunk_width:model.19.cv1.conv,,,,,,,,,
12,model.20.conv,feasible,,256,248,8,0.049285872275504516,9202224,10.5447872,0.008096000000000103,0.02354575480056631,6.087681852211449
12,model.22.cv2.conv,feasible,,512,504,8,0.01521863833477255,9210584,10.5481312,0.0047519999999998674,0.02323609819640582,3.2025754071491948
12,model.22.m.0.cv1.conv,feasible,,120,112,8,0.05204049970052438,9181456,10.53648,0.01640320000000095,0.024315006996165067,3.1725821608296774
12,model.22.m.0.cv2.conv,feasible,,104,96,8,0.00463012866111967,9218352,10.5512384,0.0016447999999993357,0.02294836942832945,2.815010129572921
12,model.22.m.0.cv3.conv,rejected,ValueError: protect_CSP_chunk_width:model.22.cv1.conv,,,,,,,,,
12,model.22.m.0.m.0.cv1.conv,feasible,,128,120,8,0.10106834718681057,9205168,10.5459648,0.006918399999999991,0.023436708264364392,14.608630201608854
12,model.22.m.0.m.0.cv2.conv,feasible,,120,112,8,0.07001081353155314,9181456,10.53648,0.01640320000000095,0.024315006996165067,4.2681192408523385
12,model.22.m.0.m.1.cv1.conv,feasible,,128,120,8,0.07346546119151753,9205168,10.5459648,0.006918399999999991,0.023436708264364392,10.618851351687908
12,model.22.m.0.m.1.cv2.conv,feasible,,120,112,8,0.050230271746841026,9181456,10.53648,0.01640320000000095,0.024315006996165067,3.0622239408675207
13,model.1.conv,feasible,,64,56,8,0.35252590430900455,9192392,10.4589184,0.07249919999999932,0.03149726228003269,4.862479921281999
13,model.2.cv2.conv,feasible,,128,120,8,0.26775179627293255,9185224,10.4523648,0.07905279999999948,0.032104129959765415,3.3869995278210805
13,model.3.conv,feasible,,128,120,8,0.3316289447102463,9184968,10.4657792,0.06563839999999921,0.030861947677812585,5.052361799042181
13,model.4.cv2.conv,feasible,,256,248,8,0.23322998748335522,9174216,10.48544,0.04597759999999873,0.029041344638614408,5.07268729736571
13,model.4.m.0.cv2.conv,rejected,ValueError: protect_CSP_chunk_width:model.4.cv1.conv,,,,,,,,,
13,model.5.conv,feasible,,256,248,8,0.2536716407194035,9174728,10.498624,0.032793599999999756,0.027820497548527223,7.735400831851502
13,model.6.cv2.conv,feasible,,256,248,8,0.1526780080894241,9153224,10.5084544,0.022963199999999517,0.02691019602892819,6.648812364540976
13,model.6.m.0.cv1.conv,feasible,,64,56,8,0.09312191219214583,9174696,10.4985728,0.03284479999999945,0.027825238702275157,2.8352102065516425
13,model.6.m.0.cv2.conv,feasible,,64,56,8,0.04482214920062688,9193160,10.5281152,0.0033023999999990394,0.025089592989730125,13.572598474030983
13,model.6.m.0.cv3.conv,rejected,ValueError: protect_CSP_chunk_width:model.6.cv1.conv,,,,,,,,,
13,model.6.m.0.m.0.cv1.conv,feasible,,64,56,8,0.22967953974148259,9185992,10.5166464,0.01477119999999843,0.026151611429262256,15.549145617248904
13,model.6.m.0.m.0.cv2.conv,feasible,,64,56,8,0.1543513210126548,9174696,10.4985728,0.03284479999999945,0.027825238702275157,4.699414245562688
13,model.6.m.0.m.1.cv1.conv,feasible,,64,56,8,0.24963759469392244,9185992,10.5166464,0.01477119999999843,0.026151611429262256,16.900292101789223
13,model.6.m.0.m.1.cv2.conv,feasible,,64,56,8,0.18188133960939012,9174696,10.4985728,0.03284479999999945,0.027825238702275157,5.5375992427840375
13,model.7.conv,feasible,,512,504,8,0.11021360519225709,9172680,10.5224,0.009017599999999959,0.025618824276840813,12.22205522447853
13,model.8.cv2.conv,feasible,,512,504,8,0.07960463270865148,9187016,10.5281344,0.0032831999999984873,0.02508781505707458,24.246050410784648
13,model.8.m.0.cv1.conv,feasible,,120,112,8,0.0589791791717289,9154216,10.5150144,0.016403199999999174,0.026302735704976987,3.5955898344062054
13,model.8.m.0.cv2.conv,feasible,,128,120,8,0.015580691699142335,9191112,10.5297728,0.0016447999999993357,0.024936098137141482,9.472696801525187
13,model.8.m.0.cv3.conv,rejected,ValueError: protect_CSP_chunk_width:model.8.cv1.conv,,,,,,,,,
13,model.8.m.0.m.0.cv1.conv,feasible,,128,120,8,0.05898893894845969,9177928,10.5244992,0.006918399999999991,0.025424436973176423,8.526384561236668
13,model.8.m.0.m.0.cv2.conv,feasible,,120,112,8,0.0760148638728424,9154216,10.5150144,0.016403199999999174,0.026302735704976987,4.634148451085534
13,model.8.m.0.m.1.cv1.conv,feasible,,128,120,8,0.05229842906919657,9177928,10.5244992,0.006918399999999991,0.025424436973176423,7.559324275728006
13,model.8.m.0.m.1.cv2.conv,feasible,,120,112,8,0.07124925615062239,9154216,10.5150144,0.016403199999999174,0.026302735704976987,4.343619302979051
13,model.9.cv1.conv,feasible,,256,248,8,0.08739875936225872,9174728,10.5232096,0.008207999999999771,0.02554385478320198,10.647996998326164
13,model.9.cv2.conv,rejected,ValueError: protect_stem_attention_DFL:model.10.cv1.conv,,,,,,,,,
13,model.13.cv2.conv,feasible,,256,248,8,0.11759746192547027,9189064,10.5165952,0.014822399999999902,0.0261563525830103,7.933766591474461
13,model.13.m.0.cv1.conv,feasible,,64,56,8,0.46857728314353153,9176776,10.5019008,0.029516799999999677,0.027517063708660916,15.874935058798266
13,model.16.cv2.conv,feasible,,112,104,8,0.17535552080516936,9178736,10.4701312,0.06128639999999841,0.030458949609240005,2.8612468803058086
13,model.16.m.0.cv2.conv,rejected,ValueError: protect_CSP_chunk_width:model.16.cv1.conv,,,,,,,,,
13,model.17.conv,feasible,,128,120,8,0.11588363174814731,9185096,10.5152128,0.016204799999998798,0.02628436373420384,7.151191730114281
13,model.19.cv2.conv,feasible,,216,208,8,0.059730943579779705,9167984,10.509952,0.021465599999999085,0.026771517281801716,2.782635639338395
13,model.19.m.0.cv1.conv,feasible,,64,56,8,0.266423247900093,9176776,10.5019008,0.029516799999999677,0.027517063708660916,9.026156219512139
13,model.19.m.0.cv2.conv,rejected,ValueError: protect_CSP_chunk_width:model.19.cv1.conv,,,,,,,,,
13,model.20.conv,feasible,,256,248,8,0.049285872275504516,9175560,10.523552,0.007865599999998807,0.025512148317512695,6.266002882871236
13,model.22.cv2.conv,feasible,,512,504,8,0.01521863833477255,9183344,10.5266656,0.0047519999999998674,0.02522382690521785,3.2025754071491948
13,model.22.m.0.cv1.conv,feasible,,120,112,8,0.05204049970052438,9154216,10.5150144,0.016403199999999174,0.026302735704976987,3.172582160830021
13,model.22.m.0.cv2.conv,feasible,,104,96,8,0.00463012866111967,9191112,10.5297728,0.0016447999999993357,0.024936098137141482,2.815010129572921
13,model.22.m.0.cv3.conv,rejected,ValueError: protect_CSP_chunk_width:model.22.cv1.conv,,,,,,,,,
13,model.22.m.0.m.0.cv1.conv,feasible,,128,120,8,0.10106834718681057,9177928,10.5244992,0.006918399999999991,0.025424436973176423,14.608630201608854
13,model.22.m.0.m.0.cv2.conv,feasible,,120,112,8,0.07001081353155314,9154216,10.5150144,0.016403199999999174,0.026302735704976987,4.268119240852801
13,model.22.m.0.m.1.cv1.conv,feasible,,128,120,8,0.07346546119151753,9177928,10.5244992,0.006918399999999991,0.025424436973176423,10.618851351687908
13,model.22.m.0.m.1.cv2.conv,feasible,,120,112,8,0.050230271746841026,9154216,10.5150144,0.016403199999999174,0.026302735704976987,3.0622239408678524
14,model.1.conv,feasible,,64,56,8,0.35252590430900455,9165152,10.4374528,0.07249919999999932,0.03348499098884461,4.862479921281999
14,model.2.cv2.conv,feasible,,128,120,8,0.26775179627293255,9157984,10.4308992,0.07905279999999948,0.034091858668577335,3.3869995278210805
14,model.3.conv,feasible,,128,120,8,0.3316289447102463,9157728,10.4443136,0.06563840000000098,0.032849676386624616,5.052361799042044
14,model.4.cv2.conv,feasible,,256,248,8,0.23322998748335522,9146976,10.4639744,0.04597760000000051,0.03102907334742644,5.072687297365514
14,model.4.m.0.cv2.conv,rejected,ValueError: protect_CSP_chunk_width:model.4.cv1.conv,,,,,,,,,
14,model.5.conv,feasible,,256,248,8,0.2536716407194035,9147488,10.4771584,0.032793599999999756,0.029808226257339143,7.735400831851502
14,model.6.cv2.conv,feasible,,256,248,8,0.1526780080894241,9125984,10.4869888,0.022963199999999517,0.02889792473774011,6.648812364540976
14,model.6.m.0.cv1.conv,feasible,,64,56,8,0.09312191219214583,9147456,10.4771072,0.03284479999999945,0.029812967411087077,2.8352102065516425
14,model.6.m.0.cv2.conv,feasible,,64,56,8,0.04482214920062688,9165920,10.5066496,0.003302400000000816,0.027077321698542156,13.572598474023682
14,model.6.m.0.cv3.conv,rejected,ValueError: protect_CSP_chunk_width:model.6.cv1.conv,,,,,,,,,
14,model.6.m.0.m.0.cv1.conv,feasible,,64,56,8,0.22967953974148259,9158752,10.4951808,0.014771200000000206,0.028139340138074287,15.549145617247033
14,model.6.m.0.m.0.cv2.conv,feasible,,64,56,8,0.1543513210126548,9147456,10.4771072,0.03284479999999945,0.029812967411087077,4.699414245562688
14,model.6.m.0.m.1.cv1.conv,feasible,,64,56,8,0.24963759469392244,9158752,10.4951808,0.014771200000000206,0.028139340138074287,16.90029210178719
14,model.6.m.0.m.1.cv2.conv,feasible,,64,56,8,0.18188133960939012,9147456,10.4771072,0.03284479999999945,0.029812967411087077,5.5375992427840375
14,model.7.conv,feasible,,512,504,8,0.11021360519225709,9145440,10.5009344,0.009017599999999959,0.027606552985652733,12.22205522447853
14,model.8.cv2.conv,feasible,,512,504,8,0.07960463270865148,9159776,10.5066688,0.0032832000000002637,0.02707554376588661,24.24605041077153
14,model.8.m.0.cv1.conv,feasible,,120,112,8,0.0589791791717289,9126976,10.4935488,0.01640320000000095,0.028290464413789018,3.5955898344058164
14,model.8.m.0.cv2.conv,feasible,,128,120,8,0.015580691699142335,9163872,10.5083072,0.0016447999999993357,0.02692382684595329,9.472696801525187
14,model.8.m.0.cv3.conv,rejected,ValueError: protect_CSP_chunk_width:model.8.cv1.conv,,,,,,,,,
14,model.8.m.0.m.0.cv1.conv,feasible,,128,120,8,0.05898893894845969,9150688,10.5030336,0.006918399999999991,0.027412165681988343,8.526384561236668
14,model.8.m.0.m.0.cv2.conv,feasible,,120,112,8,0.0760148638728424,9126976,10.4935488,0.01640320000000095,0.028290464413789018,4.634148451085032
14,model.8.m.0.m.1.cv1.conv,feasible,,128,120,8,0.05229842906919657,9150688,10.5030336,0.006918399999999991,0.027412165681988343,7.559324275728006
14,model.8.m.0.m.1.cv2.conv,feasible,,120,112,8,0.07124925615062239,9126976,10.4935488,0.01640320000000095,0.028290464413789018,4.343619302978581
14,model.9.cv1.conv,feasible,,256,248,8,0.08739875936225872,9147488,10.501744,0.008207999999999771,0.02753158349201379,10.647996998326164
14,model.9.cv2.conv,rejected,ValueError: protect_stem_attention_DFL:model.10.cv1.conv,,,,,,,,,
14,model.13.cv2.conv,feasible,,256,248,8,0.11759746192547027,9161824,10.4951296,0.014822399999999902,0.02814408129182211,7.933766591474461
14,model.13.m.0.cv1.conv,feasible,,64,56,8,0.46857728314353153,9149536,10.4804352,0.029516799999999677,0.029504792417472836,15.874935058798266
14,model.16.cv2.conv,feasible,,112,104,8,0.17535552080516936,9151496,10.4486656,0.061286400000000185,0.032446678318052036,2.8612468803057256
14,model.16.m.0.cv2.conv,rejected,ValueError: protect_CSP_chunk_width:model.16.cv1.conv,,,,,,,,,
14,model.17.conv,feasible,,128,120,8,0.11588363174814731,9157856,10.4937472,0.016204800000000574,0.028272092443015873,7.1511917301134975
14,model.19.cv2.conv,feasible,,208,200,8,0.06130672504150425,9140744,10.4884864,0.021465600000000862,0.028759245990613747,2.8560452557348404
14,model.19.m.0.cv1.conv,feasible,,64,56,8,0.266423247900093,9149536,10.4804352,0.029516799999999677,0.029504792417472836,9.026156219512139
14,model.19.m.0.cv2.conv,rejected,ValueError: protect_CSP_chunk_width:model.19.cv1.conv,,,,,,,,,
14,model.20.conv,feasible,,256,248,8,0.049285872275504516,9148896,10.5023168,0.007635200000001063,0.02747854183445919,6.455085953936721
14,model.22.cv2.conv,feasible,,512,504,8,0.01521863833477255,9156104,10.5052,0.0047519999999998674,0.02721155561402977,3.2025754071491948
14,model.22.m.0.cv1.conv,feasible,,120,112,8,0.05204049970052438,9126976,10.4935488,0.01640320000000095,0.028290464413789018,3.1725821608296774
14,model.22.m.0.cv2.conv,feasible,,104,96,8,0.00463012866111967,9163872,10.5083072,0.0016447999999993357,0.02692382684595329,2.815010129572921
14,model.22.m.0.cv3.conv,rejected,ValueError: protect_CSP_chunk_width:model.22.cv1.conv,,,,,,,,,
14,model.22.m.0.m.0.cv1.conv,feasible,,128,120,8,0.10106834718681057,9150688,10.5030336,0.006918399999999991,0.027412165681988343,14.608630201608854
14,model.22.m.0.m.0.cv2.conv,feasible,,120,112,8,0.07001081353155314,9126976,10.4935488,0.01640320000000095,0.028290464413789018,4.2681192408523385
14,model.22.m.0.m.1.cv1.conv,feasible,,128,120,8,0.07346546119151753,9150688,10.5030336,0.006918399999999991,0.027412165681988343,10.618851351687908
14,model.22.m.0.m.1.cv2.conv,feasible,,120,112,8,0.050230271746841026,9126976,10.4935488,0.01640320000000095,0.028290464413789018,3.0622239408675207
15,model.1.conv,feasible,,64,56,8,0.35252590430900455,9161040,10.435808,0.0724992000000011,0.03363730055299641,4.862479921281879
15,model.2.cv2.conv,feasible,,128,120,8,0.26775179627293255,9153872,10.4292544,0.07905280000000126,0.03424416823272913,3.3869995278210046
15,model.3.conv,feasible,,128,120,8,0.3316289447102463,9153616,10.4426688,0.06563840000000098,0.03300198595077619,5.052361799042044
15,model.4.cv2.conv,feasible,,256,248,8,0.23322998748335522,9142864,10.4623296,0.04597760000000051,0.031181382911578126,5.072687297365514
15,model.4.m.0.cv2.conv,rejected,ValueError: protect_CSP_chunk_width:model.4.cv1.conv,,,,,,,,,
15,model.5.conv,feasible,,256,248,8,0.2536716407194035,9143376,10.4755136,0.03279360000000153,0.02996053582149094,7.7354008318510825
15,model.6.cv2.conv,feasible,,256,248,8,0.1526780080894241,9121872,10.485344,0.022963200000001294,0.029050234301891797,6.64881236454046
15,model.6.m.0.cv1.conv,feasible,,64,56,8,0.09312191219214583,9143344,10.4754624,0.03284480000000123,0.029965276975238764,2.835210206551489
15,model.6.m.0.cv2.conv,feasible,,64,56,8,0.04482214920062688,9161808,10.5050048,0.003302400000000816,0.027229631262693732,13.572598474023682
15,model.6.m.0.cv3.conv,rejected,ValueError: protect_CSP_chunk_width:model.6.cv1.conv,,,,,,,,,
15,model.6.m.0.m.0.cv1.conv,feasible,,64,56,8,0.22967953974148259,9154640,10.493536,0.014771200000000206,0.028291649702225863,15.549145617247033
15,model.6.m.0.m.0.cv2.conv,feasible,,64,56,8,0.1543513210126548,9143344,10.4754624,0.03284480000000123,0.029965276975238764,4.699414245562434
15,model.6.m.0.m.1.cv1.conv,feasible,,64,56,8,0.24963759469392244,9154640,10.493536,0.014771200000000206,0.028291649702225863,16.90029210178719
15,model.6.m.0.m.1.cv2.conv,feasible,,64,56,8,0.18188133960939012,9143344,10.4754624,0.03284480000000123,0.029965276975238764,5.537599242783738
15,model.7.conv,feasible,,512,504,8,0.11021360519225709,9141328,10.4992896,0.009017600000001735,0.02775886254980442,12.222055224476122
15,model.8.cv2.conv,feasible,,512,504,8,0.07960463270865148,9155664,10.505024,0.0032832000000002637,0.027227853330038188,24.24605041077153
15,model.8.m.0.cv1.conv,feasible,,120,112,8,0.0589791791717289,9122864,10.491904,0.01640320000000095,0.028442773977940594,3.5955898344058164
15,model.8.m.0.cv2.conv,feasible,,128,120,8,0.015580691699142335,9159760,10.5066624,0.001644800000001112,0.02707613641010509,9.472696801514957
15,model.8.m.0.cv3.conv,rejected,ValueError: protect_CSP_chunk_width:model.8.cv1.conv,,,,,,,,,
15,model.8.m.0.m.0.cv1.conv,feasible,,128,120,8,0.05898893894845969,9146576,10.5013888,0.006918399999999991,0.02756447524613992,8.526384561236668
15,model.8.m.0.m.0.cv2.conv,feasible,,120,112,8,0.0760148638728424,9122864,10.491904,0.01640320000000095,0.028442773977940594,4.634148451085032
15,model.8.m.0.m.1.cv1.conv,feasible,,128,120,8,0.05229842906919657,9146576,10.5013888,0.006918399999999991,0.02756447524613992,7.559324275728006
15,model.8.m.0.m.1.cv2.conv,feasible,,120,112,8,0.07124925615062239,9122864,10.491904,0.01640320000000095,0.028442773977940594,4.343619302978581
15,model.9.cv1.conv,feasible,,256,248,8,0.08739875936225872,9143376,10.5000992,0.008208000000001547,0.027683893056165587,10.64799699832386
15,model.9.cv2.conv,rejected,ValueError: protect_stem_attention_DFL:model.10.cv1.conv,,,,,,,,,
15,model.13.cv2.conv,feasible,,256,248,8,0.11759746192547027,9157712,10.4934848,0.014822400000001679,0.028296390855973907,7.93376659147351
15,model.13.m.0.cv1.conv,feasible,,64,56,8,0.46857728314353153,9145424,10.4787904,0.029516800000001453,0.029657101981624523,15.87493505879731
15,model.16.cv2.conv,feasible,,112,104,8,0.17535552080516936,9147384,10.4470208,0.061286400000000185,0.03259898788220361,2.8612468803057256
15,model.16.m.0.cv2.conv,rejected,ValueError: protect_CSP_chunk_width:model.16.cv1.conv,,,,,,,,,
15,model.17.conv,feasible,,128,120,8,0.11588363174814731,9153744,10.4921024,0.016204800000000574,0.02842440200716745,7.1511917301134975
15,model.19.cv2.conv,feasible,,208,200,8,0.06130672504150425,9136632,10.4868416,0.021465600000000862,0.028911555554765433,2.8560452557348404
15,model.19.m.0.cv1.conv,feasible,,64,56,8,0.266423247900093,9145424,10.4787904,0.029516800000001453,0.029657101981624523,9.026156219511595
15,model.19.m.0.cv2.conv,rejected,ValueError: protect_CSP_chunk_width:model.19.cv1.conv,,,,,,,,,
15,model.20.conv,feasible,,256,248,8,0.049285872275504516,9144784,10.500672,0.007635200000001063,0.027630851398610767,6.455085953936721
15,model.22.cv2.conv,feasible,,512,504,8,0.01521863833477255,9151992,10.5035552,0.004752000000001644,0.027363865178181568,3.202575407147998
15,model.22.m.0.cv1.conv,feasible,,120,112,8,0.05204049970052438,9122864,10.491904,0.01640320000000095,0.028442773977940594,3.1725821608296774
15,model.22.m.0.cv2.conv,feasible,,96,88,8,0.005034729575527308,9159760,10.5066624,0.001644800000001112,0.02707613641010509,3.0609980395938132
15,model.22.m.0.cv3.conv,rejected,ValueError: protect_CSP_chunk_width:model.22.cv1.conv,,,,,,,,,
15,model.22.m.0.m.0.cv1.conv,feasible,,128,120,8,0.10106834718681057,9146576,10.5013888,0.006918399999999991,0.02756447524613992,14.608630201608854
15,model.22.m.0.m.0.cv2.conv,feasible,,120,112,8,0.07001081353155314,9122864,10.491904,0.01640320000000095,0.028442773977940594,4.2681192408523385
15,model.22.m.0.m.1.cv1.conv,feasible,,128,120,8,0.07346546119151753,9146576,10.5013888,0.006918399999999991,0.02756447524613992,10.618851351687908
15,model.22.m.0.m.1.cv2.conv,feasible,,120,112,8,0.050230271746841026,9122864,10.491904,0.01640320000000095,0.028442773977940594,3.0622239408675207
16,model.1.conv,feasible,,64,56,8,0.35252590430900455,9140512,10.4029632,0.07249919999999932,0.03667875068228166,4.862479921281999
16,model.2.cv2.conv,feasible,,128,120,8,0.26775179627293255,9133344,10.3964096,0.07905279999999948,0.03728561836201438,3.3869995278210805
16,model.3.conv,feasible,,128,120,8,0.3316289447102463,9133088,10.409824,0.06563839999999921,0.03604343608006144,5.052361799042181
16,model.4.cv2.conv,feasible,,256,248,8,0.23322998748335522,9122336,10.4294848,0.04597759999999873,0.034222833040863376,5.07268729736571
16,model.4.m.0.cv2.conv,rejected,ValueError: protect_CSP_chunk_width:model.4.cv1.conv,,,,,,,,,
16,model.5.conv,feasible,,256,248,8,0.2536716407194035,9122848,10.4426688,0.032793599999999756,0.03300198595077619,7.735400831851502
16,model.6.cv2.conv,feasible,,256,248,8,0.1526780080894241,9101344,10.4524992,0.022963199999999517,0.03209168443117716,6.648812364540976
16,model.6.m.0.cv1.conv,feasible,,56,48,8,0.12329893329297192,9122816,10.4426176,0.03284479999999945,0.033006727104524125,3.7539864238166767
16,model.6.m.0.cv2.conv,feasible,,64,56,8,0.04482214920062688,9141280,10.47216,0.0033023999999990394,0.030271081391978982,13.572598474030983
16,model.6.m.0.cv3.conv,rejected,ValueError: protect_CSP_chunk_width:model.6.cv1.conv,,,,,,,,,
16,model.6.m.0.m.0.cv1.conv,feasible,,64,56,8,0.22967953974148259,9135264,10.4625344,0.012928000000000495,0.031162418296586503,17.766053507230335
16,model.6.m.0.m.0.cv2.conv,feasible,,56,48,8,0.15977091569948243,9122816,10.4426176,0.03284479999999945,0.033006727104524125,4.864420416610395
16,model.6.m.0.m.1.cv1.conv,feasible,,64,56,8,0.24963759469392244,9135264,10.4625344,0.012928000000000495,0.031162418296586503,19.309838698477172
16,model.6.m.0.m.1.cv2.conv,feasible,,56,48,8,0.1870213103684364,9122816,10.4426176,0.03284479999999945,0.033006727104524125,5.6940919222659145
16,model.7.conv,feasible,,512,504,8,0.11021360519225709,9120800,10.4664448,0.009017599999999959,0.03080031267908978,12.22205522447853
16,model.8.cv2.conv,feasible,,512,504,8,0.07960463270865148,9135136,10.4721792,0.0032832000000002637,0.03026930345932366,24.24605041077153
16,model.8.m.0.cv1.conv,feasible,,120,112,8,0.0589791791717289,9102336,10.4590592,0.016403199999999174,0.031484224107225955,3.5955898344062054
16,model.8.m.0.cv2.conv,feasible,,128,120,8,0.015580691699142335,9139232,10.4738176,0.0016447999999993357,0.03011758653939045,9.472696801525187
16,model.8.m.0.cv3.conv,rejected,ValueError: protect_CSP_chunk_width:model.8.cv1.conv,,,,,,,,,
16,model.8.m.0.m.0.cv1.conv,feasible,,128,120,8,0.05898893894845969,9126048,10.468544,0.006918399999999991,0.03060592537542539,8.526384561236668
16,model.8.m.0.m.0.cv2.conv,feasible,,120,112,8,0.0760148638728424,9102336,10.4590592,0.016403199999999174,0.031484224107225955,4.634148451085534
16,model.8.m.0.m.1.cv1.conv,feasible,,128,120,8,0.05229842906919657,9126048,10.468544,0.006918399999999991,0.03060592537542539,7.559324275728006
16,model.8.m.0.m.1.cv2.conv,feasible,,120,112,8,0.07124925615062239,9102336,10.4590592,0.016403199999999174,0.031484224107225955,4.343619302979051
16,model.9.cv1.conv,feasible,,256,248,8,0.08739875936225872,9122848,10.4672544,0.008207999999999771,0.030725343185450837,10.647996998326164
16,model.9.cv2.conv,rejected,ValueError: protect_stem_attention_DFL:model.10.cv1.conv,,,,,,,,,
16,model.13.cv2.conv,feasible,,256,248,8,0.11759746192547027,9137184,10.46064,0.014822399999999902,0.03133784098525927,7.933766591474461
16,model.13.m.0.cv1.conv,feasible,,64,56,8,0.46857728314353153,9124896,10.4459456,0.029516799999999677,0.032698552110909884,15.874935058798266
16,model.16.cv2.conv,feasible,,112,104,8,0.17535552080516936,9126856,10.414176,0.061286400000000185,0.035640438011489084,2.8612468803057256
16,model.16.m.0.cv2.conv,rejected,ValueError: protect_CSP_chunk_width:model.16.cv1.conv,,,,,,,,,
16,model.17.conv,feasible,,128,120,8,0.11588363174814731,9133216,10.4592576,0.016204799999998798,0.0314658521364527,7.151191730114281
16,model.19.cv2.conv,feasible,,208,200,8,0.06130672504150425,9116104,10.4539968,0.021465599999999085,0.031953005684050684,2.8560452557350766
16,model.19.m.0.cv1.conv,feasible,,64,56,8,0.266423247900093,9124896,10.4459456,0.029516799999999677,0.032698552110909884,9.026156219512139
16,model.19.m.0.cv2.conv,rejected,ValueError: protect_CSP_chunk_width:model.19.cv1.conv,,,,,,,,,
16,model.20.conv,feasible,,256,248,8,0.049285872275504516,9124256,10.4678272,0.007635199999999287,0.030672301527896018,6.455085953938223
16,model.22.cv2.conv,feasible,,512,504,8,0.01521863833477255,9131464,10.4707104,0.0047519999999998674,0.030405315307466818,3.2025754071491948
16,model.22.m.0.cv1.conv,feasible,,120,112,8,0.05204049970052438,9102336,10.4590592,0.016403199999999174,0.031484224107225955,3.172582160830021
16,model.22.m.0.cv2.conv,feasible,,96,88,8,0.005034729575527308,9139232,10.4738176,0.0016447999999993357,0.03011758653939045,3.060998039597119
16,model.22.m.0.cv3.conv,rejected,ValueError: protect_CSP_chunk_width:model.22.cv1.conv,,,,,,,,,
16,model.22.m.0.m.0.cv1.conv,feasible,,128,120,8,0.10106834718681057,9126048,10.468544,0.006918399999999991,0.03060592537542539,14.608630201608854
16,model.22.m.0.m.0.cv2.conv,feasible,,120,112,8,0.07001081353155314,9102336,10.4590592,0.016403199999999174,0.031484224107225955,4.268119240852801
16,model.22.m.0.m.1.cv1.conv,feasible,,128,120,8,0.07346546119151753,9126048,10.468544,0.006918399999999991,0.03060592537542539,10.618851351687908
16,model.22.m.0.m.1.cv2.conv,feasible,,120,112,8,0.050230271746841026,9102336,10.4590592,0.016403199999999174,0.031484224107225955,3.0622239408678524
17,model.1.conv,feasible,,64,56,8,0.35252590430900455,9113272,10.3814976,0.0724992000000011,0.03866647939109369,4.862479921281879
17,model.2.cv2.conv,feasible,,128,120,8,0.26775179627293255,9106104,10.374944,0.07905280000000126,0.039273347070826414,3.3869995278210046
17,model.3.conv,feasible,,128,120,8,0.3316289447102463,9105848,10.3883584,0.06563840000000098,0.038031164788873584,5.052361799042044
17,model.4.cv2.conv,feasible,,256,248,8,0.23322998748335522,9095096,10.4080192,0.04597760000000051,0.03621056174967541,5.072687297365514
17,model.4.m.0.cv2.conv,rejected,ValueError: protect_CSP_chunk_width:model.4.cv1.conv,,,,,,,,,
17,model.5.conv,feasible,,256,248,8,0.2536716407194035,9095608,10.4212032,0.032793599999999756,0.03498971465958811,7.735400831851502
17,model.6.cv2.conv,feasible,,256,248,8,0.1526780080894241,9074104,10.4310336,0.022963200000001294,0.03407941313998919,6.64881236454046
17,model.6.m.0.cv1.conv,feasible,,56,48,8,0.12329893329297192,9095576,10.421152,0.03284480000000123,0.034994455813336156,3.7539864238164737
17,model.6.m.0.cv2.conv,feasible,,64,56,8,0.04482214920062688,9114040,10.4506944,0.003302400000000816,0.03225881010079101,13.572598474023682
17,model.6.m.0.cv3.conv,rejected,ValueError: protect_CSP_chunk_width:model.6.cv1.conv,,,,,,,,,
17,model.6.m.0.m.0.cv1.conv,feasible,,64,56,8,0.22967953974148259,9108024,10.4410688,0.012928000000000495,0.03315014700539842,17.766053507230335
17,model.6.m.0.m.0.cv2.conv,feasible,,56,48,8,0.15977091569948243,9095576,10.421152,0.03284480000000123,0.034994455813336156,4.864420416610132
17,model.6.m.0.m.1.cv1.conv,feasible,,64,56,8,0.24963759469392244,9108024,10.4410688,0.012928000000000495,0.03315014700539842,19.309838698477172
17,model.6.m.0.m.1.cv2.conv,feasible,,56,48,8,0.1870213103684364,9095576,10.421152,0.03284480000000123,0.034994455813336156,5.694091922265606
17,model.7.conv,feasible,,512,504,8,0.11021360519225709,9093560,10.4449792,0.009017599999999959,0.03278804138790159,12.22205522447853
17,model.8.cv2.conv,feasible,,512,504,8,0.07960463270865148,9107896,10.4507136,0.0032832000000002637,0.03225703216813558,24.24605041077153
17,model.8.m.0.cv1.conv,feasible,,120,112,8,0.0589791791717289,9075096,10.4375936,0.01640320000000095,0.033471952816037986,3.5955898344058164
17,model.8.m.0.cv2.conv,feasible,,128,120,8,0.015580691699142335,9111992,10.452352,0.001644800000001112,0.03210531524820248,9.472696801514957
17,model.8.m.0.cv3.conv,rejected,ValueError: protect_CSP_chunk_width:model.8.cv1.conv,,,,,,,,,
17,model.8.m.0.m.0.cv1.conv,feasible,,128,120,8,0.05898893894845969,9098808,10.4470784,0.006918399999999991,0.0325936540842372,8.526384561236668
17,model.8.m.0.m.0.cv2.conv,feasible,,120,112,8,0.0760148638728424,9075096,10.4375936,0.01640320000000095,0.033471952816037986,4.634148451085032
17,model.8.m.0.m.1.cv1.conv,feasible,,128,120,8,0.05229842906919657,9098808,10.4470784,0.006918399999999991,0.0325936540842372,7.559324275728006
17,model.8.m.0.m.1.cv2.conv,feasible,,120,112,8,0.07124925615062239,9075096,10.4375936,0.01640320000000095,0.033471952816037986,4.343619302978581
17,model.9.cv1.conv,feasible,,256,248,8,0.08739875936225872,9095608,10.4457888,0.008207999999999771,0.03271307189426276,10.647996998326164
17,model.9.cv2.conv,rejected,ValueError: protect_stem_attention_DFL:model.10.cv1.conv,,,,,,,,,
17,model.13.cv2.conv,feasible,,256,248,8,0.11759746192547027,9109944,10.4391744,0.014822399999999902,0.03332556969407108,7.933766591474461
17,model.13.m.0.cv1.conv,feasible,,64,56,8,0.46857728314353153,9097656,10.42448,0.029516799999999677,0.03468628081972169,15.874935058798266
17,model.16.cv2.conv,feasible,,112,104,8,0.17535552080516936,9099616,10.3927104,0.061286400000000185,0.037628166720301004,2.8612468803057256
17,model.16.m.0.cv2.conv,rejected,ValueError: protect_CSP_chunk_width:model.16.cv1.conv,,,,,,,,,
17,model.17.conv,feasible,,128,120,8,0.11588363174814731,9105976,10.437792,0.016204800000000574,0.03345358084526473,7.1511917301134975
17,model.19.cv2.conv,feasible,,200,192,8,0.0633911608310882,9088864,10.4325312,0.021465600000000862,0.033940734392862715,2.9531511269699267
17,model.19.m.0.cv1.conv,feasible,,64,56,8,0.266423247900093,9097656,10.42448,0.029516799999999677,0.03468628081972169,9.026156219512139
17,model.19.m.0.cv2.conv,rejected,ValueError: protect_CSP_chunk_width:model.19.cv1.conv,,,,,,,,,
17,model.20.conv,feasible,,256,248,8,0.049285872275504516,9097592,10.446592,0.007404799999999767,0.0326386950448424,6.655935646540901
17,model.22.cv2.conv,feasible,,512,504,8,0.01521863833477255,9104224,10.4492448,0.0047519999999998674,0.03239304401627874,3.2025754071491948
17,model.22.m.0.cv1.conv,feasible,,120,112,8,0.05204049970052438,9075096,10.4375936,0.01640320000000095,0.033471952816037986,3.1725821608296774
17,model.22.m.0.cv2.conv,feasible,,96,88,8,0.005034729575527308,9111992,10.452352,0.001644800000001112,0.03210531524820248,3.0609980395938132
17,model.22.m.0.cv3.conv,rejected,ValueError: protect_CSP_chunk_width:model.22.cv1.conv,,,,,,,,,
17,model.22.m.0.m.0.cv1.conv,feasible,,128,120,8,0.10106834718681057,9098808,10.4470784,0.006918399999999991,0.0325936540842372,14.608630201608854
17,model.22.m.0.m.0.cv2.conv,feasible,,120,112,8,0.07001081353155314,9075096,10.4375936,0.01640320000000095,0.033471952816037986,4.2681192408523385
17,model.22.m.0.m.1.cv1.conv,feasible,,128,120,8,0.07346546119151753,9098808,10.4470784,0.006918399999999991,0.0325936540842372,10.618851351687908
17,model.22.m.0.m.1.cv2.conv,feasible,,120,112,8,0.050230271746841026,9075096,10.4375936,0.01640320000000095,0.033471952816037986,3.0622239408675207
18,model.1.conv,feasible,,64,56,8,0.35252590430900455,9096784,10.3202112,0.0724992000000011,0.04434164042734401,4.862479921281879
18,model.2.cv2.conv,feasible,,128,120,8,0.26775179627293255,9089616,10.3136576,0.07905279999999948,0.04494850810707651,3.3869995278210805
18,model.3.conv,feasible,,128,120,8,0.3316289447102463,9089360,10.327072,0.06563840000000098,0.04370632582512379,5.052361799042044
18,model.4.cv2.conv,feasible,,256,248,8,0.23322998748335522,9078608,10.3467328,0.04597760000000051,0.04188572278592573,5.072687297365514
18,model.4.m.0.cv2.conv,rejected,ValueError: protect_CSP_chunk_width:model.4.cv1.conv,,,,,,,,,
18,model.5.conv,feasible,,256,248,8,0.2536716407194035,9079120,10.3599168,0.032793599999999756,0.04066487569583832,7.735400831851502
18,model.6.cv2.conv,feasible,,256,248,8,0.1526780080894241,9057616,10.3697472,0.022963199999999517,0.03975457417623929,6.648812364540976
18,model.6.m.0.cv1.conv,feasible,,56,48,8,0.12329893329297192,9079088,10.3598656,0.03284480000000123,0.040669616849586365,3.7539864238164737
18,model.6.m.0.cv2.conv,feasible,,64,56,8,0.04482214920062688,9097552,10.389408,0.003302400000000816,0.037933971137041333,13.572598474023682
18,model.6.m.0.cv3.conv,rejected,ValueError: protect_CSP_chunk_width:model.6.cv1.conv,,,,,,,,,
18,model.6.m.0.m.0.cv1.conv,feasible,,64,56,8,0.22967953974148259,9091536,10.3797824,0.012928000000000495,0.03882530804164874,17.766053507230335
18,model.6.m.0.m.0.cv2.conv,feasible,,56,48,8,0.15977091569948243,9079088,10.3598656,0.03284480000000123,0.040669616849586365,4.864420416610132
18,model.6.m.0.m.1.cv1.conv,feasible,,64,56,8,0.24963759469392244,9091536,10.3797824,0.012928000000000495,0.03882530804164874,19.309838698477172
18,model.6.m.0.m.1.cv2.conv,feasible,,56,48,8,0.1870213103684364,9079088,10.3598656,0.03284480000000123,0.040669616849586365,5.694091922265606
18,model.7.conv,feasible,,512,504,8,0.11021360519225709,9077072,10.3836928,0.009017599999999959,0.03846320242415191,12.22205522447853
18,model.8.cv2.conv,feasible,,512,504,8,0.07960463270865148,9091408,10.3894272,0.0032832000000002637,0.03793219320438579,24.24605041077153
18,model.8.m.0.cv1.conv,feasible,,120,112,8,0.0589791791717289,9058608,10.3763072,0.01640320000000095,0.03914711385228831,3.5955898344058164
18,model.8.m.0.cv2.conv,feasible,,128,120,8,0.015580691699142335,9095504,10.3910656,0.001644800000001112,0.03778047628445269,9.472696801514957
18,model.8.m.0.cv3.conv,rejected,ValueError: protect_CSP_chunk_width:model.8.cv1.conv,,,,,,,,,
18,model.8.m.0.m.0.cv1.conv,feasible,,128,120,8,0.05898893894845969,9082320,10.385792,0.006918399999999991,0.03826881512048752,8.526384561236668
18,model.8.m.0.m.0.cv2.conv,feasible,,120,112,8,0.0760148638728424,9058608,10.3763072,0.01640320000000095,0.03914711385228831,4.634148451085032
18,model.8.m.0.m.1.cv1.conv,feasible,,128,120,8,0.05229842906919657,9082320,10.385792,0.006918399999999991,0.03826881512048752,7.559324275728006
18,model.8.m.0.m.1.cv2.conv,feasible,,120,112,8,0.07124925615062239,9058608,10.3763072,0.01640320000000095,0.03914711385228831,4.343619302978581
18,model.9.cv1.conv,feasible,,256,248,8,0.08739875936225872,9079120,10.3845024,0.008207999999999771,0.03838823293051308,10.647996998326164
18,model.9.cv2.conv,rejected,ValueError: protect_stem_attention_DFL:model.10.cv1.conv,,,,,,,,,
18,model.13.cv2.conv,feasible,,256,248,8,0.11759746192547027,9093456,10.377888,0.014822399999999902,0.0390007307303214,7.933766591474461
18,model.13.m.0.cv1.conv,feasible,,64,56,8,0.46857728314353153,9081168,10.3631936,0.029516799999999677,0.04036144185597201,15.874935058798266
18,model.16.cv2.conv,feasible,,104,96,8,0.1884327120060334,9083128,10.331424,0.061286400000000185,0.04330332775655121,3.0746252350608425
18,model.16.m.0.cv2.conv,rejected,ValueError: protect_CSP_chunk_width:model.16.cv1.conv,,,,,,,,,
18,model.17.conv,feasible,,128,120,8,0.11588363174814731,9090064,10.3774272,0.015283200000000718,0.03904340111405269,7.582419372130304
18,model.19.cv2.conv,feasible,,200,192,8,0.0633911608310882,9072376,10.3712448,0.021465600000000862,0.039615895429113035,2.9531511269699267
18,model.19.m.0.cv1.conv,feasible,,64,56,8,0.266423247900093,9081168,10.3631936,0.029516799999999677,0.04036144185597201,9.026156219512139
18,model.19.m.0.cv2.conv,rejected,ValueError: protect_CSP_chunk_width:model.19.cv1.conv,,,,,,,,,
18,model.20.conv,feasible,,256,248,8,0.049285872275504516,9081104,10.3853056,0.007404799999999767,0.03831385608109261,6.655935646540901
18,model.22.cv2.conv,feasible,,512,504,8,0.01521863833477255,9087736,10.3879584,0.0047519999999998674,0.03806820505252895,3.2025754071491948
18,model.22.m.0.cv1.conv,feasible,,120,112,8,0.05204049970052438,9058608,10.3763072,0.01640320000000095,0.03914711385228831,3.1725821608296774
18,model.22.m.0.cv2.conv,feasible,,96,88,8,0.005034729575527308,9095504,10.3910656,0.001644800000001112,0.03778047628445269,3.0609980395938132
18,model.22.m.0.cv3.conv,rejected,ValueError: protect_CSP_chunk_width:model.22.cv1.conv,,,,,,,,,
18,model.22.m.0.m.0.cv1.conv,feasible,,128,120,8,0.10106834718681057,9082320,10.385792,0.006918399999999991,0.03826881512048752,14.608630201608854
18,model.22.m.0.m.0.cv2.conv,feasible,,120,112,8,0.07001081353155314,9058608,10.3763072,0.01640320000000095,0.03914711385228831,4.2681192408523385
18,model.22.m.0.m.1.cv1.conv,feasible,,128,120,8,0.07346546119151753,9082320,10.385792,0.006918399999999991,0.03826881512048752,10.618851351687908
18,model.22.m.0.m.1.cv2.conv,feasible,,120,112,8,0.050230271746841026,9058608,10.3763072,0.01640320000000095,0.03914711385228831,3.0622239408675207
19,model.1.conv,feasible,,64,56,8,0.35252590430900455,9069544,10.2987456,0.07249919999999932,0.04632936913615582,4.862479921281999
19,model.2.cv2.conv,feasible,,128,120,8,0.26775179627293255,9062376,10.292192,0.07905279999999948,0.04693623681588854,3.3869995278210805
19,model.3.conv,feasible,,128,120,8,0.3316289447102463,9062120,10.3056064,0.06563839999999921,0.04569405453393571,5.052361799042181
19,model.4.cv2.conv,feasible,,256,248,8,0.23322998748335522,9051368,10.3252672,0.04597759999999873,0.043873451494737536,5.07268729736571
19,model.4.m.0.cv2.conv,rejected,ValueError: protect_CSP_chunk_width:model.4.cv1.conv,,,,,,,,,
19,model.5.conv,feasible,,256,248,8,0.2536716407194035,9051880,10.3384512,0.032793599999999756,0.04265260440465046,7.735400831851502
19,model.6.cv2.conv,feasible,,256,248,8,0.1526780080894241,9030376,10.3482816,0.022963199999999517,0.04174230288505132,6.648812364540976
19,model.6.m.0.cv1.conv,feasible,,56,48,8,0.12329893329297192,9051848,10.3384,0.03284479999999945,0.042657345558398285,3.7539864238166767
19,model.6.m.0.cv2.conv,feasible,,64,56,8,0.04482214920062688,9070312,10.3679424,0.0033023999999990394,0.039921699845853253,13.572598474030983
19,model.6.m.0.cv3.conv,rejected,ValueError: protect_CSP_chunk_width:model.6.cv1.conv,,,,,,,,,
19,model.6.m.0.m.0.cv1.conv,feasible,,64,56,8,0.22967953974148259,9064296,10.3583168,0.012927999999998718,0.04081303675046055,17.76605350723278
19,model.6.m.0.m.0.cv2.conv,feasible,,56,48,8,0.15977091569948243,9051848,10.3384,0.03284479999999945,0.042657345558398285,4.864420416610395
19,model.6.m.0.m.1.cv1.conv,feasible,,64,56,8,0.24963759469392244,9064296,10.3583168,0.012927999999998718,0.04081303675046055,19.309838698479826
19,model.6.m.0.m.1.cv2.conv,feasible,,56,48,8,0.1870213103684364,9051848,10.3384,0.03284479999999945,0.042657345558398285,5.6940919222659145
19,model.7.conv,feasible,,512,504,8,0.11021360519225709,9049832,10.3622272,0.009017599999999959,0.04045093113296394,12.22205522447853
19,model.8.cv2.conv,feasible,,512,504,8,0.07960463270865148,9064168,10.3679616,0.0032832000000002637,0.03991992191319782,24.24605041077153
19,model.8.m.0.cv1.conv,feasible,,120,112,8,0.0589791791717289,9031368,10.3548416,0.016403199999999174,0.041134842561100116,3.5955898344062054
19,model.8.m.0.cv2.conv,feasible,,128,120,8,0.015580691699142335,9068264,10.3696,0.0016447999999993357,0.03976820499326461,9.472696801525187
19,model.8.m.0.cv3.conv,rejected,ValueError: protect_CSP_chunk_width:model.8.cv1.conv,,,,,,,,,
19,model.8.m.0.m.0.cv1.conv,feasible,,128,120,8,0.05898893894845969,9055080,10.3643264,0.006918399999999991,0.04025654382929955,8.526384561236668
19,model.8.m.0.m.0.cv2.conv,feasible,,120,112,8,0.0760148638728424,9031368,10.3548416,0.016403199999999174,0.041134842561100116,4.634148451085534
19,model.8.m.0.m.1.cv1.conv,feasible,,128,120,8,0.05229842906919657,9055080,10.3643264,0.006918399999999991,0.04025654382929955,7.559324275728006
19,model.8.m.0.m.1.cv2.conv,feasible,,120,112,8,0.07124925615062239,9031368,10.3548416,0.016403199999999174,0.041134842561100116,4.343619302979051
19,model.9.cv1.conv,feasible,,256,248,8,0.08739875936225872,9051880,10.3630368,0.008207999999999771,0.04037596163932511,10.647996998326164
19,model.9.cv2.conv,rejected,ValueError: protect_stem_attention_DFL:model.10.cv1.conv,,,,,,,,,
19,model.13.cv2.conv,feasible,,256,248,8,0.11759746192547027,9066216,10.3564224,0.014822399999999902,0.04098845943913343,7.933766591474461
19,model.13.m.0.cv1.conv,feasible,,64,56,8,0.46857728314353153,9053928,10.341728,0.029516799999999677,0.042349170564784044,15.874935058798266
19,model.16.cv2.conv,feasible,,104,96,8,0.1884327120060334,9055888,10.3099584,0.061286400000000185,0.045291056465363244,3.0746252350608425
19,model.16.m.0.cv2.conv,rejected,ValueError: protect_CSP_chunk_width:model.16.cv1.conv,,,,,,,,,
19,model.17.conv,feasible,,128,120,8,0.11588363174814731,9062824,10.3559616,0.015283199999998942,0.0410311298228645,7.582419372131185
19,model.19.cv2.conv,feasible,,192,184,8,0.06561529519967735,9045136,10.3497792,0.021465599999999085,0.041603624137924844,3.0567650193649443
19,model.19.m.0.cv1.conv,feasible,,64,56,8,0.266423247900093,9053928,10.341728,0.029516799999999677,0.042349170564784044,9.026156219512139
19,model.19.m.0.cv2.conv,rejected,ValueError: protect_CSP_chunk_width:model.19.cv1.conv,,,,,,,,,
19,model.20.conv,feasible,,256,248,8,0.049285872275504516,9054440,10.3640704,0.007174400000000247,0.04028024959803911,6.869685587018123
19,model.22.cv2.conv,feasible,,512,504,8,0.01521863833477255,9060496,10.3664928,0.0047519999999998674,0.04005593376134109,3.2025754071491948
19,model.22.m.0.cv1.conv,feasible,,120,112,8,0.05204049970052438,9031368,10.3548416,0.016403199999999174,0.041134842561100116,3.172582160830021
19,model.22.m.0.cv2.conv,feasible,,96,88,8,0.005034729575527308,9068264,10.3696,0.0016447999999993357,0.03976820499326461,3.060998039597119
19,model.22.m.0.cv3.conv,rejected,ValueError: protect_CSP_chunk_width:model.22.cv1.conv,,,,,,,,,
19,model.22.m.0.m.0.cv1.conv,feasible,,128,120,8,0.10106834718681057,9055080,10.3643264,0.006918399999999991,0.04025654382929955,14.608630201608854
19,model.22.m.0.m.0.cv2.conv,feasible,,120,112,8,0.07001081353155314,9031368,10.3548416,0.016403199999999174,0.041134842561100116,4.268119240852801
19,model.22.m.0.m.1.cv1.conv,feasible,,128,120,8,0.07346546119151753,9055080,10.3643264,0.006918399999999991,0.04025654382929955,10.618851351687908
19,model.22.m.0.m.1.cv2.conv,feasible,,120,112,8,0.050230271746841026,9031368,10.3548416,0.016403199999999174,0.041134842561100116,3.0622239408678524
20,model.1.conv,feasible,,64,56,8,0.35252590430900455,9042304,10.27728,0.0724992000000011,0.04831709784496796,4.862479921281879
20,model.2.cv2.conv,feasible,,128,120,8,0.26775179627293255,9035136,10.2707264,0.07905280000000126,0.048923965524700574,3.3869995278210046
20,model.3.conv,feasible,,128,120,8,0.3316289447102463,9034880,10.2841408,0.06563840000000098,0.047681783242747744,5.052361799042044
20,model.4.cv2.conv,feasible,,256,248,8,0.23322998748335522,9024128,10.3038016,0.04597760000000051,0.04586118020354957,5.072687297365514
20,model.4.m.0.cv2.conv,rejected,ValueError: protect_CSP_chunk_width:model.4.cv1.conv,,,,,,,,,
20,model.5.conv,feasible,,256,248,8,0.2536716407194035,9024640,10.3169856,0.032793599999999756,0.04464033311346227,7.735400831851502
20,model.6.cv2.conv,feasible,,256,248,8,0.1526780080894241,9003136,10.326816,0.022963199999999517,0.04373003159386324,6.648812364540976
20,model.6.m.0.cv1.conv,feasible,,56,48,8,0.12329893329297192,9024608,10.3169344,0.03284480000000123,0.044645074267210316,3.7539864238164737
20,model.6.m.0.cv2.conv,feasible,,64,56,8,0.04482214920062688,9043072,10.3464768,0.003302400000000816,0.041909428554665284,13.572598474023682
20,model.6.m.0.cv3.conv,rejected,ValueError: protect_CSP_chunk_width:model.6.cv1.conv,,,,,,,,,
20,model.6.m.0.m.0.cv1.conv,feasible,,64,56,8,0.22967953974148259,9037056,10.3368512,0.012928000000000495,0.04280076545927258,17.766053507230335
20,model.6.m.0.m.0.cv2.conv,feasible,,56,48,8,0.15977091569948243,9024608,10.3169344,0.03284480000000123,0.044645074267210316,4.864420416610132
20,model.6.m.0.m.1.cv1.conv,feasible,,64,56,8,0.24963759469392244,9037056,10.3368512,0.012928000000000495,0.04280076545927258,19.309838698477172
20,model.6.m.0.m.1.cv2.conv,feasible,,56,48,8,0.1870213103684364,9024608,10.3169344,0.03284480000000123,0.044645074267210316,5.694091922265606
20,model.7.conv,feasible,,512,504,8,0.11021360519225709,9022592,10.3407616,0.009017599999999959,0.04243865984177586,12.22205522447853
20,model.8.cv2.conv,feasible,,512,504,8,0.07960463270865148,9036928,10.346496,0.0032832000000002637,0.04190765062200974,24.24605041077153
20,model.8.m.0.cv1.conv,feasible,,120,112,8,0.0589791791717289,9004128,10.333376,0.01640320000000095,0.04312257126991215,3.5955898344058164
20,model.8.m.0.cv2.conv,feasible,,128,120,8,0.015580691699142335,9041024,10.3481344,0.001644800000001112,0.04175593370207664,9.472696801514957
20,model.8.m.0.cv3.conv,rejected,ValueError: protect_CSP_chunk_width:model.8.cv1.conv,,,,,,,,,
20,model.8.m.0.m.0.cv1.conv,feasible,,128,120,8,0.05898893894845969,9027840,10.3428608,0.006918399999999991,0.04224427253811147,8.526384561236668
20,model.8.m.0.m.0.cv2.conv,feasible,,120,112,8,0.0760148638728424,9004128,10.333376,0.01640320000000095,0.04312257126991215,4.634148451085032
20,model.8.m.0.m.1.cv1.conv,feasible,,128,120,8,0.05229842906919657,9027840,10.3428608,0.006918399999999991,0.04224427253811147,7.559324275728006
20,model.8.m.0.m.1.cv2.conv,feasible,,120,112,8,0.07124925615062239,9004128,10.333376,0.01640320000000095,0.04312257126991215,4.343619302978581
20,model.9.cv1.conv,feasible,,256,248,8,0.08739875936225872,9024640,10.3415712,0.008207999999999771,0.04236369034813692,10.647996998326164
20,model.9.cv2.conv,rejected,ValueError: protect_stem_attention_DFL:model.10.cv1.conv,,,,,,,,,
20,model.13.cv2.conv,feasible,,256,248,8,0.11759746192547027,9038976,10.3349568,0.014822399999999902,0.04297618814794535,7.933766591474461
20,model.13.m.0.cv1.conv,feasible,,64,56,8,0.46857728314353153,9026688,10.3202624,0.029516799999999677,0.044336899273595964,15.874935058798266
20,model.16.cv2.conv,feasible,,104,96,8,0.1884327120060334,9028648,10.2884928,0.061286400000000185,0.047278785174175164,3.0746252350608425
20,model.16.m.0.cv2.conv,rejected,ValueError: protect_CSP_chunk_width:model.16.cv1.conv,,,,,,,,,
20,model.17.conv,feasible,,128,120,8,0.11588363174814731,9035584,10.334496,0.015283200000000718,0.04301885853167664,7.582419372130304
20,model.19.cv2.conv,feasible,,184,176,8,0.06709428632530035,9017896,10.3283136,0.021465600000000862,0.043591352846736986,3.125665545118592
20,model.19.m.0.cv1.conv,feasible,,64,56,8,0.266423247900093,9026688,10.3202624,0.029516799999999677,0.044336899273595964,9.026156219512139
20,model.19.m.0.cv2.conv,rejected,ValueError: protect_CSP_chunk_width:model.19.cv1.conv,,,,,,,,,
20,model.20.conv,feasible,,256,248,8,0.049285872275504516,9027776,10.3428352,0.006944000000000727,0.042246643114985494,7.097619855342649
20,model.22.cv2.conv,feasible,,512,504,8,0.01521863833477255,9033256,10.3450272,0.0047519999999998674,0.0420436624701529,3.2025754071491948
20,model.22.m.0.cv1.conv,feasible,,120,112,8,0.05204049970052438,9004128,10.333376,0.01640320000000095,0.04312257126991215,3.1725821608296774
20,model.22.m.0.cv2.conv,feasible,,96,88,8,0.005034729575527308,9041024,10.3481344,0.001644800000001112,0.04175593370207664,3.0609980395938132
20,model.22.m.0.cv3.conv,rejected,ValueError: protect_CSP_chunk_width:model.22.cv1.conv,,,,,,,,,
20,model.22.m.0.m.0.cv1.conv,feasible,,128,120,8,0.10106834718681057,9027840,10.3428608,0.006918399999999991,0.04224427253811147,14.608630201608854
20,model.22.m.0.m.0.cv2.conv,feasible,,120,112,8,0.07001081353155314,9004128,10.333376,0.01640320000000095,0.04312257126991215,4.2681192408523385
20,model.22.m.0.m.1.cv1.conv,feasible,,128,120,8,0.07346546119151753,9027840,10.3428608,0.006918399999999991,0.04224427253811147,10.618851351687908
20,model.22.m.0.m.1.cv2.conv,feasible,,120,112,8,0.050230271746841026,9004128,10.333376,0.01640320000000095,0.04312257126991215,3.0622239408675207
21,model.1.conv,feasible,,64,56,8,0.35252590430900455,9038192,10.2756352,0.07249919999999932,0.048469407409119536,4.862479921281999
21,model.2.cv2.conv,feasible,,128,120,8,0.26775179627293255,9031024,10.2690816,0.07905279999999948,0.04907627508885226,3.3869995278210805
21,model.3.conv,feasible,,128,120,8,0.3316289447102463,9030768,10.282496,0.06563839999999921,0.04783409280689932,5.052361799042181
21,model.4.cv2.conv,feasible,,256,248,8,0.23322998748335522,9020016,10.3021568,0.04597759999999873,0.046013489767701254,5.07268729736571
21,model.4.m.0.cv2.conv,rejected,ValueError: protect_CSP_chunk_width:model.4.cv1.conv,,,,,,,,,
21,model.5.conv,feasible,,256,248,8,0.2536716407194035,9020528,10.3153408,0.032793599999999756,0.04479264267761407,7.735400831851502
21,model.6.cv2.conv,feasible,,256,248,8,0.1526780080894241,8999024,10.3251712,0.022963199999999517,0.04388234115801504,6.648812364540976
21,model.6.m.0.cv1.conv,feasible,,56,48,8,0.12329893329297192,9020496,10.3152896,0.03284479999999945,0.04479738383136189,3.7539864238166767
21,model.6.m.0.cv2.conv,feasible,,64,56,8,0.04482214920062688,9038960,10.344832,0.0033023999999990394,0.04206173811881686,13.572598474030983
21,model.6.m.0.cv3.conv,rejected,ValueError: protect_CSP_chunk_width:model.6.cv1.conv,,,,,,,,,
21,model.6.m.0.m.0.cv1.conv,feasible,,64,56,8,0.22967953974148259,9032944,10.3352064,0.012927999999998718,0.04295307502342427,17.76605350723278
21,model.6.m.0.m.0.cv2.conv,feasible,,56,48,8,0.15977091569948243,9020496,10.3152896,0.03284479999999945,0.04479738383136189,4.864420416610395
21,model.6.m.0.m.1.cv1.conv,feasible,,64,56,8,0.24963759469392244,9032944,10.3352064,0.012927999999998718,0.04295307502342427,19.309838698479826
21,model.6.m.0.m.1.cv2.conv,feasible,,56,48,8,0.1870213103684364,9020496,10.3152896,0.03284479999999945,0.04479738383136189,5.6940919222659145
21,model.7.conv,feasible,,512,504,8,0.11021360519225709,9018480,10.3391168,0.009017599999999959,0.04259096940592755,12.22205522447853
21,model.8.cv2.conv,feasible,,512,504,8,0.07960463270865148,9032816,10.3448512,0.0032831999999984873,0.042059960186161316,24.246050410784648
21,model.8.m.0.cv1.conv,feasible,,120,112,8,0.0589791791717289,9000016,10.3317312,0.016403199999999174,0.043274880834063834,3.5955898344062054
21,model.8.m.0.cv2.conv,feasible,,128,120,8,0.015580691699142335,9036912,10.3464896,0.0016447999999993357,0.04190824326622822,9.472696801525187
21,model.8.m.0.cv3.conv,rejected,ValueError: protect_CSP_chunk_width:model.8.cv1.conv,,,,,,,,,
21,model.8.m.0.m.0.cv1.conv,feasible,,128,120,8,0.05898893894845969,9023728,10.341216,0.006918399999999991,0.04239658210226327,8.526384561236668
21,model.8.m.0.m.0.cv2.conv,feasible,,120,112,8,0.0760148638728424,9000016,10.3317312,0.016403199999999174,0.043274880834063834,4.634148451085534
21,model.8.m.0.m.1.cv1.conv,feasible,,128,120,8,0.05229842906919657,9023728,10.341216,0.006918399999999991,0.04239658210226327,7.559324275728006
21,model.8.m.0.m.1.cv2.conv,feasible,,120,112,8,0.07124925615062239,9000016,10.3317312,0.016403199999999174,0.043274880834063834,4.343619302979051
21,model.9.cv1.conv,feasible,,256,248,8,0.08739875936225872,9020528,10.3399264,0.008207999999999771,0.042515999912288716,10.647996998326164
21,model.9.cv2.conv,rejected,ValueError: protect_stem_attention_DFL:model.10.cv1.conv,,,,,,,,,
21,model.13.cv2.conv,feasible,,256,248,8,0.11759746192547027,9034864,10.333312,0.014822399999999902,0.043128497712097036,7.933766591474461
21,model.13.m.0.cv1.conv,feasible,,64,56,8,0.46857728314353153,9022576,10.3186176,0.029516799999999677,0.04448920883774765,15.874935058798266
21,model.16.cv2.conv,feasible,,104,96,8,0.1884327120060334,9024536,10.286848,0.06128639999999841,0.04743109473832674,3.0746252350609318
21,model.16.m.0.cv2.conv,rejected,ValueError: protect_CSP_chunk_width:model.16.cv1.conv,,,,,,,,,
21,model.17.conv,feasible,,128,120,8,0.11588363174814731,9031472,10.3328512,0.015283199999998942,0.043171168095828216,7.582419372131185
21,model.19.cv2.conv,feasible,,184,176,8,0.06709428632530035,9013784,10.3266688,0.021465599999999085,0.04374366241088856,3.1256655451188506
21,model.19.m.0.cv1.conv,feasible,,64,56,8,0.266423247900093,9022576,10.3186176,0.029516799999999677,0.04448920883774765,9.026156219512139
21,model.19.m.0.cv2.conv,rejected,ValueError: protect_CSP_chunk_width:model.19.cv1.conv,,,,,,,,,
21,model.20.conv,feasible,,256,248,8,0.049285872275504516,9023664,10.3411904,0.006943999999998951,0.04239895267913707,7.0976198553444645
21,model.22.cv2.conv,feasible,,512,504,8,0.01521863833477255,9029144,10.3433824,0.0047519999999998674,0.042195972034304696,3.2025754071491948
21,model.22.m.0.cv1.conv,feasible,,120,112,8,0.05204049970052438,9000016,10.3317312,0.016403199999999174,0.043274880834063834,3.172582160830021
21,model.22.m.0.cv2.conv,feasible,,88,80,8,0.005265685529138864,9036912,10.3464896,0.0016447999999993357,0.04190824326622822,3.201413867425213
21,model.22.m.0.cv3.conv,rejected,ValueError: protect_CSP_chunk_width:model.22.cv1.conv,,,,,,,,,
21,model.22.m.0.m.0.cv1.conv,feasible,,128,120,8,0.10106834718681057,9023728,10.341216,0.006918399999999991,0.04239658210226327,14.608630201608854
21,model.22.m.0.m.0.cv2.conv,feasible,,120,112,8,0.07001081353155314,9000016,10.3317312,0.016403199999999174,0.043274880834063834,4.268119240852801
21,model.22.m.0.m.1.cv1.conv,feasible,,128,120,8,0.07346546119151753,9023728,10.341216,0.006918399999999991,0.04239658210226327,10.618851351687908
21,model.22.m.0.m.1.cv2.conv,feasible,,120,112,8,0.050230271746841026,9000016,10.3317312,0.016403199999999174,0.043274880834063834,3.0622239408678524
22,model.1.conv,feasible,,64,56,8,0.35252590430900455,8997184,10.259232,0.07249919999999932,0.04998835454110662,4.862479921281999
22,model.2.cv2.conv,feasible,,128,120,8,0.26775179627293255,8990016,10.2526784,0.07905279999999948,0.05059522222083934,3.3869995278210805
22,model.3.conv,feasible,,128,120,8,0.3316289447102463,8989760,10.2660928,0.06563840000000098,0.04935303993888662,5.052361799042044
22,model.4.cv2.conv,feasible,,256,248,8,0.23322998748335522,8979008,10.2857536,0.04597760000000051,0.04753243689968856,5.072687297365514
22,model.4.m.0.cv2.conv,rejected,ValueError: protect_CSP_chunk_width:model.4.cv1.conv,,,,,,,,,
22,model.5.conv,feasible,,256,248,8,0.2536716407194035,8979520,10.2989376,0.032793599999999756,0.04631158980960115,7.735400831851502
22,model.6.cv2.conv,feasible,,256,248,8,0.1526780080894241,8958016,10.308768,0.022963199999999517,0.04540128829000212,6.648812364540976
22,model.6.m.0.cv1.conv,feasible,,56,48,8,0.12329893329297192,8979488,10.2988864,0.03284479999999945,0.046316330963349084,3.7539864238166767
22,model.6.m.0.cv2.conv,feasible,,64,56,8,0.04482214920062688,8997952,10.3284288,0.003302400000000816,0.04358068525080416,13.572598474023682
22,model.6.m.0.cv3.conv,rejected,ValueError: protect_CSP_chunk_width:model.6.cv1.conv,,,,,,,,,
22,model.6.m.0.m.0.cv1.conv,feasible,,64,56,8,0.22967953974148259,8991936,10.3188032,0.012928000000000495,0.04447202215541157,17.766053507230335
22,model.6.m.0.m.0.cv2.conv,feasible,,56,48,8,0.15977091569948243,8979488,10.2988864,0.03284479999999945,0.046316330963349084,4.864420416610395
22,model.6.m.0.m.1.cv1.conv,feasible,,64,56,8,0.24963759469392244,8991936,10.3188032,0.012928000000000495,0.04447202215541157,19.309838698477172
22,model.6.m.0.m.1.cv2.conv,feasible,,56,48,8,0.1870213103684364,8979488,10.2988864,0.03284479999999945,0.046316330963349084,5.6940919222659145
22,model.7.conv,feasible,,512,504,8,0.11021360519225709,8977472,10.3227136,0.009017599999999959,0.04410991653791474,12.22205522447853
22,model.8.cv2.conv,feasible,,512,504,8,0.07960463270865148,8991808,10.328448,0.0032832000000002637,0.04357890731814862,24.24605041077153
22,model.8.m.0.cv1.conv,feasible,,120,112,8,0.0589791791717289,8959008,10.315328,0.01640320000000095,0.044793827966051025,3.5955898344058164
22,model.8.m.0.cv2.conv,feasible,,128,120,8,0.015580691699142335,8995904,10.3300864,0.0016447999999993357,0.04342719039821541,9.472696801525187
22,model.8.m.0.cv3.conv,rejected,ValueError: protect_CSP_chunk_width:model.8.cv1.conv,,,,,,,,,
22,model.8.m.0.m.0.cv1.conv,feasible,,128,120,8,0.05898893894845969,8982720,10.3248128,0.006918399999999991,0.04391552923425035,8.526384561236668
22,model.8.m.0.m.0.cv2.conv,feasible,,120,112,8,0.0760148638728424,8959008,10.315328,0.01640320000000095,0.044793827966051025,4.634148451085032
22,model.8.m.0.m.1.cv1.conv,feasible,,128,120,8,0.05229842906919657,8982720,10.3248128,0.006918399999999991,0.04391552923425035,7.559324275728006
22,model.8.m.0.m.1.cv2.conv,feasible,,120,112,8,0.07124925615062239,8959008,10.315328,0.01640320000000095,0.044793827966051025,4.343619302978581
22,model.9.cv1.conv,feasible,,256,248,8,0.08739875936225872,8979520,10.3235232,0.008207999999999771,0.04403494704427591,10.647996998326164
22,model.9.cv2.conv,rejected,ValueError: protect_stem_attention_DFL:model.10.cv1.conv,,,,,,,,,
22,model.13.cv2.conv,feasible,,256,248,8,0.11759746192547027,8993856,10.3169088,0.014822399999999902,0.04464744484408423,7.933766591474461
22,model.13.m.0.cv1.conv,feasible,,64,56,8,0.46857728314353153,8981568,10.3022144,0.029516799999999677,0.04600815596973484,15.874935058798266
22,model.16.cv2.conv,feasible,,104,96,8,0.1884327120060334,8983528,10.2704448,0.061286400000000185,0.04895004187031404,3.0746252350608425
22,model.16.m.0.cv2.conv,rejected,ValueError: protect_CSP_chunk_width:model.16.cv1.conv,,,,,,,,,
22,model.17.conv,feasible,,128,120,8,0.11588363174814731,8990464,10.316448,0.015283200000000718,0.04469011522781552,7.582419372130304
22,model.19.cv2.conv,feasible,,184,176,8,0.06709428632530035,8972776,10.3102656,0.021465600000000862,0.045262609542875865,3.125665545118592
22,model.19.m.0.cv1.conv,feasible,,64,56,8,0.266423247900093,8981568,10.3022144,0.029516799999999677,0.04600815596973484,9.026156219512139
22,model.19.m.0.cv2.conv,rejected,ValueError: protect_CSP_chunk_width:model.19.cv1.conv,,,,,,,,,
22,model.20.conv,feasible,,256,248,8,0.049285872275504516,8982656,10.3247872,0.006944000000000727,0.04391789981112437,7.097619855342649
22,model.22.cv2.conv,feasible,,512,504,8,0.01521863833477255,8988136,10.3269792,0.0047519999999998674,0.04371491916629178,3.2025754071491948
22,model.22.m.0.cv1.conv,feasible,,112,104,8,0.05217706879921025,8959008,10.315328,0.01640320000000095,0.044793827966051025,3.180907920357444
22,model.22.m.0.cv2.conv,feasible,,88,80,8,0.005265685529138864,8995904,10.3300864,0.0016447999999993357,0.04342719039821541,3.201413867425213
22,model.22.m.0.cv3.conv,rejected,ValueError: protect_CSP_chunk_width:model.22.cv1.conv,,,,,,,,,
22,model.22.m.0.m.0.cv1.conv,feasible,,128,120,8,0.10106834718681057,8983872,10.3252736,0.0064576000000009515,0.04387285885051928,15.651069621344723
22,model.22.m.0.m.0.cv2.conv,feasible,,112,104,8,0.07123504564879113,8959008,10.315328,0.01640320000000095,0.044793827966051025,4.3427529780034995
22,model.22.m.0.m.1.cv1.conv,feasible,,128,120,8,0.07346546119151753,8983872,10.3252736,0.0064576000000009515,0.04387285885051928,11.376589010082183
22,model.22.m.0.m.1.cv2.conv,feasible,,112,104,8,0.05790110860107234,8959008,10.315328,0.01640320000000095,0.044793827966051025,3.529866648036297
23,model.1.conv,feasible,,64,56,8,0.35252590430900455,8980696,10.1979456,0.07249919999999932,0.05566351557735694,4.862479921281999
23,model.2.cv2.conv,feasible,,128,120,8,0.26775179627293255,8973528,10.191392,0.07905279999999948,0.05627038325708966,3.3869995278210805
23,model.3.conv,feasible,,128,120,8,0.3316289447102463,8973272,10.2048064,0.06563839999999921,0.05502820097513672,5.052361799042181
23,model.4.cv2.conv,feasible,,256,248,8,0.23322998748335522,8962520,10.2244672,0.04597760000000051,0.053207597935938766,5.072687297365514
23,model.4.m.0.cv2.conv,rejected,ValueError: protect_CSP_chunk_width:model.4.cv1.conv,,,,,,,,,
23,model.5.conv,feasible,,256,248,8,0.2536716407194035,8963032,10.2376512,0.032793599999999756,0.05198675084585147,7.735400831851502
23,model.6.cv2.conv,feasible,,256,248,8,0.1526780080894241,8941528,10.2474816,0.022963199999999517,0.05107644932625244,6.648812364540976
23,model.6.m.0.cv1.conv,feasible,,56,48,8,0.12329893329297192,8963000,10.2376,0.03284479999999945,0.051991491999599404,3.7539864238166767
23,model.6.m.0.cv2.conv,feasible,,64,56,8,0.04482214920062688,8981464,10.2671424,0.003302400000000816,0.04925584628705448,13.572598474023682
23,model.6.m.0.cv3.conv,rejected,ValueError: protect_CSP_chunk_width:model.6.cv1.conv,,,,,,,,,
23,model.6.m.0.m.0.cv1.conv,feasible,,64,56,8,0.22967953974148259,8975448,10.2575168,0.012928000000000495,0.05014718319166178,17.766053507230335
23,model.6.m.0.m.0.cv2.conv,feasible,,56,48,8,0.15977091569948243,8963000,10.2376,0.03284479999999945,0.051991491999599404,4.864420416610395
23,model.6.m.0.m.1.cv1.conv,feasible,,64,56,8,0.24963759469392244,8975448,10.2575168,0.012928000000000495,0.05014718319166178,19.309838698477172
23,model.6.m.0.m.1.cv2.conv,feasible,,56,48,8,0.1870213103684364,8963000,10.2376,0.03284479999999945,0.051991491999599404,5.6940919222659145
23,model.7.conv,feasible,,512,504,8,0.11021360519225709,8960984,10.2614272,0.009017599999999959,0.04978507757416506,12.22205522447853
23,model.8.cv2.conv,feasible,,512,504,8,0.07960463270865148,8975320,10.2671616,0.0032832000000002637,0.04925406835439894,24.24605041077153
23,model.8.m.0.cv1.conv,feasible,,120,112,8,0.0589791791717289,8942520,10.2540416,0.016403199999999174,0.050468989002301234,3.5955898344062054
23,model.8.m.0.cv2.conv,feasible,,128,120,8,0.015580691699142335,8979416,10.2688,0.0016447999999993357,0.04910235143446562,9.472696801525187
23,model.8.m.0.cv3.conv,rejected,ValueError: protect_CSP_chunk_width:model.8.cv1.conv,,,,,,,,,
23,model.8.m.0.m.0.cv1.conv,feasible,,128,120,8,0.05898893894845969,8966232,10.2635264,0.006918399999999991,0.04959069027050067,8.526384561236668
23,model.8.m.0.m.0.cv2.conv,feasible,,120,112,8,0.0760148638728424,8942520,10.2540416,0.016403199999999174,0.050468989002301234,4.634148451085534
23,model.8.m.0.m.1.cv1.conv,feasible,,128,120,8,0.05229842906919657,8966232,10.2635264,0.006918399999999991,0.04959069027050067,7.559324275728006
23,model.8.m.0.m.1.cv2.conv,feasible,,120,112,8,0.07124925615062239,8942520,10.2540416,0.016403199999999174,0.050468989002301234,4.343619302979051
23,model.9.cv1.conv,feasible,,256,248,8,0.08739875936225872,8963032,10.2622368,0.008207999999999771,0.049710108080526116,10.647996998326164
23,model.9.cv2.conv,rejected,ValueError: protect_stem_attention_DFL:model.10.cv1.conv,,,,,,,,,
23,model.13.cv2.conv,feasible,,256,248,8,0.11759746192547027,8977368,10.2556224,0.014822399999999902,0.05032260588033444,7.933766591474461
23,model.13.m.0.cv1.conv,feasible,,64,56,8,0.46857728314353153,8965080,10.240928,0.029516799999999677,0.05168331700598516,15.874935058798266
23,model.16.cv2.conv,feasible,,96,88,8,0.19902714598720195,8967040,10.2091584,0.061286400000000185,0.05462520290656436,3.2474928530179836
23,model.16.m.0.cv2.conv,rejected,ValueError: protect_CSP_chunk_width:model.16.cv1.conv,,,,,,,,,
23,model.17.conv,feasible,,128,120,8,0.11588363174814731,8974552,10.2560832,0.014361599999999086,0.050279935496603256,8.068991738257205
23,model.19.cv2.conv,feasible,,184,176,8,0.06709428632530035,8956288,10.2489792,0.021465599999999085,0.05093777057912596,3.1256655451188506
23,model.19.m.0.cv1.conv,feasible,,64,56,8,0.266423247900093,8965080,10.240928,0.029516799999999677,0.05168331700598516,9.026156219512139
23,model.19.m.0.cv2.conv,rejected,ValueError: protect_CSP_chunk_width:model.19.cv1.conv,,,,,,,,,
23,model.20.conv,feasible,,256,248,8,0.049285872275504516,8966168,10.2635008,0.006944000000000727,0.04959306084737469,7.097619855342649
23,model.22.cv2.conv,feasible,,512,504,8,0.01521863833477255,8971648,10.2656928,0.0047519999999998674,0.0493900802025421,3.2025754071491948
23,model.22.m.0.cv1.conv,feasible,,112,104,8,0.05217706879921025,8942520,10.2540416,0.016403199999999174,0.050468989002301234,3.1809079203577886
23,model.22.m.0.cv2.conv,feasible,,88,80,8,0.005265685529138864,8979416,10.2688,0.0016447999999993357,0.04910235143446562,3.201413867425213
23,model.22.m.0.cv3.conv,rejected,ValueError: protect_CSP_chunk_width:model.22.cv1.conv,,,,,,,,,
23,model.22.m.0.m.0.cv1.conv,feasible,,128,120,8,0.10106834718681057,8967384,10.2639872,0.006457599999999175,0.04954801988676938,15.651069621349027
23,model.22.m.0.m.0.cv2.conv,feasible,,112,104,8,0.07123504564879113,8942520,10.2540416,0.016403199999999174,0.050468989002301234,4.342752978003969
23,model.22.m.0.m.1.cv1.conv,feasible,,128,120,8,0.07346546119151753,8967384,10.2639872,0.006457599999999175,0.04954801988676938,11.376589010085313
23,model.22.m.0.m.1.cv2.conv,feasible,,112,104,8,0.05790110860107234,8942520,10.2540416,0.016403199999999174,0.050468989002301234,3.529866648036679
24,model.1.conv,feasible,,64,56,8,0.35252590430900455,8953456,10.17648,0.0724992000000011,0.05765124428616897,4.862479921281879
24,model.2.cv2.conv,feasible,,128,120,8,0.26775179627293255,8946288,10.1699264,0.07905280000000126,0.05825811196590169,3.3869995278210046
24,model.3.conv,feasible,,128,120,8,0.3316289447102463,8946032,10.1833408,0.06563840000000098,0.05701592968394875,5.052361799042044
24,model.4.cv2.conv,feasible,,256,248,8,0.23322998748335522,8935280,10.2030016,0.04597760000000051,0.055195326644750686,5.072687297365514
24,model.4.m.0.cv2.conv,rejected,ValueError: protect_CSP_chunk_width:model.4.cv1.conv,,,,,,,,,
24,model.5.conv,feasible,,256,248,8,0.2536716407194035,8935792,10.2161856,0.03279360000000153,0.0539744795546635,7.7354008318510825
24,model.6.cv2.conv,feasible,,256,248,8,0.1526780080894241,8914288,10.226016,0.022963200000001294,0.05306417803506447,6.64881236454046
24,model.6.m.0.cv1.conv,feasible,,56,48,8,0.12329893329297192,8935760,10.2161344,0.03284480000000123,0.053979220708411435,3.7539864238164737
24,model.6.m.0.cv2.conv,feasible,,64,56,8,0.04482214920062688,8954224,10.2456768,0.003302400000000816,0.05124357499586629,13.572598474023682
24,model.6.m.0.cv3.conv,rejected,ValueError: protect_CSP_chunk_width:model.6.cv1.conv,,,,,,,,,
24,model.6.m.0.m.0.cv1.conv,feasible,,64,56,8,0.22967953974148259,8948208,10.2360512,0.012928000000000495,0.0521349119004737,17.766053507230335
24,model.6.m.0.m.0.cv2.conv,feasible,,56,48,8,0.15977091569948243,8935760,10.2161344,0.03284480000000123,0.053979220708411435,4.864420416610132
24,model.6.m.0.m.1.cv1.conv,feasible,,64,56,8,0.24963759469392244,8948208,10.2360512,0.012928000000000495,0.0521349119004737,19.309838698477172
24,model.6.m.0.m.1.cv2.conv,feasible,,56,48,8,0.1870213103684364,8935760,10.2161344,0.03284480000000123,0.053979220708411435,5.694091922265606
24,model.7.conv,feasible,,512,504,8,0.11021360519225709,8933744,10.2399616,0.009017599999999959,0.05177280628297687,12.22205522447853
24,model.8.cv2.conv,feasible,,512,504,8,0.07960463270865148,8948080,10.245696,0.0032832000000002637,0.05124179706321086,24.24605041077153
24,model.8.m.0.cv1.conv,feasible,,120,112,8,0.0589791791717289,8915280,10.232576,0.01640320000000095,0.052456717711113265,3.5955898344058164
24,model.8.m.0.cv2.conv,feasible,,128,120,8,0.015580691699142335,8952176,10.2473344,0.001644800000001112,0.05109008014327776,9.472696801514957
24,model.8.m.0.cv3.conv,rejected,ValueError: protect_CSP_chunk_width:model.8.cv1.conv,,,,,,,,,
24,model.8.m.0.m.0.cv1.conv,feasible,,128,120,8,0.05898893894845969,8938992,10.2420608,0.006918399999999991,0.05157841897931248,8.526384561236668
24,model.8.m.0.m.0.cv2.conv,feasible,,120,112,8,0.0760148638728424,8915280,10.232576,0.01640320000000095,0.052456717711113265,4.634148451085032
24,model.8.m.0.m.1.cv1.conv,feasible,,128,120,8,0.05229842906919657,8938992,10.2420608,0.006918399999999991,0.05157841897931248,7.559324275728006
24,model.8.m.0.m.1.cv2.conv,feasible,,120,112,8,0.07124925615062239,8915280,10.232576,0.01640320000000095,0.052456717711113265,4.343619302978581
24,model.9.cv1.conv,feasible,,256,248,8,0.08739875936225872,8935792,10.2407712,0.008208000000001547,0.05169783678933815,10.64799699832386
24,model.9.cv2.conv,rejected,ValueError: protect_stem_attention_DFL:model.10.cv1.conv,,,,,,,,,
24,model.13.cv2.conv,feasible,,256,248,8,0.11759746192547027,8950128,10.2341568,0.014822400000001679,0.05231033458914658,7.93376659147351
24,model.13.m.0.cv1.conv,feasible,,64,56,8,0.46857728314353153,8937840,10.2194624,0.029516800000001453,0.053671045714797194,15.87493505879731
24,model.16.cv2.conv,feasible,,96,88,8,0.19902714598720195,8939800,10.1876928,0.061286400000000185,0.05661293161537628,3.2474928530179836
24,model.16.m.0.cv2.conv,rejected,ValueError: protect_CSP_chunk_width:model.16.cv1.conv,,,,,,,,,
24,model.17.conv,feasible,,128,120,8,0.11588363174814731,8947312,10.2346176,0.014361600000000863,0.05226766420541529,8.068991738256207
24,model.19.cv2.conv,feasible,,176,168,8,0.0687271306742332,8929048,10.2275136,0.021465600000000862,0.052925499287937994,3.201733502638195
24,model.19.m.0.cv1.conv,feasible,,64,56,8,0.266423247900093,8937840,10.2194624,0.029516800000001453,0.053671045714797194,9.026156219511595
24,model.19.m.0.cv2.conv,rejected,ValueError: protect_CSP_chunk_width:model.19.cv1.conv,,,,,,,,,
24,model.20.conv,feasible,,256,248,8,0.049285872275504516,8939504,10.2422656,0.0067136000000012075,0.05155945436432097,7.341198801759957
24,model.22.cv2.conv,feasible,,512,504,8,0.01521863833477255,8944408,10.2442272,0.004752000000001644,0.05137780891135413,3.202575407147998
24,model.22.m.0.cv1.conv,feasible,,112,104,8,0.05217706879921025,8915280,10.232576,0.01640320000000095,0.052456717711113265,3.180907920357444
24,model.22.m.0.cv2.conv,feasible,,88,80,8,0.005265685529138864,8952176,10.2473344,0.001644800000001112,0.05109008014327776,3.201413867421756
24,model.22.m.0.cv3.conv,rejected,ValueError: protect_CSP_chunk_width:model.22.cv1.conv,,,,,,,,,
24,model.22.m.0.m.0.cv1.conv,feasible,,128,120,8,0.10106834718681057,8940144,10.2425216,0.0064576000000009515,0.05153574859558141,15.651069621344723
24,model.22.m.0.m.0.cv2.conv,feasible,,112,104,8,0.07123504564879113,8915280,10.232576,0.01640320000000095,0.052456717711113265,4.3427529780034995
24,model.22.m.0.m.1.cv1.conv,feasible,,128,120,8,0.07346546119151753,8940144,10.2425216,0.0064576000000009515,0.05153574859558141,11.376589010082183
24,model.22.m.0.m.1.cv2.conv,feasible,,112,104,8,0.05790110860107234,8915280,10.232576,0.01640320000000095,0.052456717711113265,3.529866648036297
25,model.1.conv,feasible,,64,56,8,0.35252590430900455,8912448,10.1600768,0.07249919999999932,0.05917019141815605,4.862479921281999
25,model.2.cv2.conv,feasible,,128,120,8,0.26775179627293255,8905280,10.1535232,0.07905279999999948,0.059777059097888774,3.3869995278210805
25,model.3.conv,feasible,,128,120,8,0.3316289447102463,8905024,10.1669376,0.06563839999999921,0.05853487681593594,5.052361799042181
25,model.4.cv2.conv,feasible,,256,248,8,0.23322998748335522,8894272,10.1865984,0.04597760000000051,0.05671427377673799,5.072687297365514
25,model.4.m.0.cv2.conv,rejected,ValueError: protect_CSP_chunk_width:model.4.cv1.conv,,,,,,,,,
25,model.5.conv,feasible,,256,248,8,0.2536716407194035,8894784,10.1997824,0.032793599999999756,0.05549342668665069,7.735400831851502
25,model.6.cv2.conv,feasible,,256,248,8,0.1526780080894241,8873280,10.2096128,0.022963199999999517,0.05458312516705155,6.648812364540976
25,model.6.m.0.cv1.conv,feasible,,56,48,8,0.12329893329297192,8894752,10.1997312,0.03284479999999945,0.055498167840398516,3.7539864238166767
25,model.6.m.0.cv2.conv,feasible,,64,56,8,0.04482214920062688,8913216,10.2292736,0.0033023999999990394,0.052762522127853484,13.572598474030983
25,model.6.m.0.cv3.conv,rejected,ValueError: protect_CSP_chunk_width:model.6.cv1.conv,,,,,,,,,
25,model.6.m.0.m.0.cv1.conv,feasible,,64,56,8,0.22967953974148259,8907200,10.219648,0.012928000000000495,0.053653859032461004,17.766053507230335
25,model.6.m.0.m.0.cv2.conv,feasible,,56,48,8,0.15977091569948243,8894752,10.1997312,0.03284479999999945,0.055498167840398516,4.864420416610395
25,model.6.m.0.m.1.cv1.conv,feasible,,64,56,8,0.24963759469392244,8907200,10.219648,0.012928000000000495,0.053653859032461004,19.309838698477172
25,model.6.m.0.m.1.cv2.conv,feasible,,56,48,8,0.1870213103684364,8894752,10.1997312,0.03284479999999945,0.055498167840398516,5.6940919222659145
25,model.7.conv,feasible,,512,504,8,0.11021360519225709,8892736,10.2235584,0.009017599999999959,0.05329175341496417,12.22205522447853
25,model.8.cv2.conv,feasible,,512,504,8,0.07960463270865148,8907072,10.2292928,0.0032832000000002637,0.05276074419519805,24.24605041077153
25,model.8.m.0.cv1.conv,feasible,,120,112,8,0.0589791791717289,8874272,10.2161728,0.016403199999999174,0.053975664843100346,3.5955898344062054
25,model.8.m.0.cv2.conv,feasible,,128,120,8,0.015580691699142335,8911168,10.2309312,0.0016447999999993357,0.05260902727526484,9.472696801525187
25,model.8.m.0.cv3.conv,rejected,ValueError: protect_CSP_chunk_width:model.8.cv1.conv,,,,,,,,,
25,model.8.m.0.m.0.cv1.conv,feasible,,128,120,8,0.05898893894845969,8897984,10.2256576,0.006918399999999991,0.05309736611129978,8.526384561236668
25,model.8.m.0.m.0.cv2.conv,feasible,,120,112,8,0.0760148638728424,8874272,10.2161728,0.016403199999999174,0.053975664843100346,4.634148451085534
25,model.8.m.0.m.1.cv1.conv,feasible,,128,120,8,0.05229842906919657,8897984,10.2256576,0.006918399999999991,0.05309736611129978,7.559324275728006
25,model.8.m.0.m.1.cv2.conv,feasible,,120,112,8,0.07124925615062239,8874272,10.2161728,0.016403199999999174,0.053975664843100346,4.343619302979051
25,model.9.cv1.conv,feasible,,256,248,8,0.08739875936225872,8894784,10.224368,0.008207999999999771,0.05321678392132534,10.647996998326164
25,model.9.cv2.conv,rejected,ValueError: protect_stem_attention_DFL:model.10.cv1.conv,,,,,,,,,
25,model.13.cv2.conv,feasible,,256,248,8,0.11759746192547027,8909120,10.2177536,0.014822399999999902,0.05382928172113366,7.933766591474461
25,model.13.m.0.cv1.conv,feasible,,64,56,8,0.46857728314353153,8896832,10.2030592,0.029516799999999677,0.055189992846784275,15.874935058798266
25,model.16.cv2.conv,feasible,,96,88,8,0.19902714598720195,8898792,10.1712896,0.061286400000000185,0.058131878747363475,3.2474928530179836
25,model.16.m.0.cv2.conv,rejected,ValueError: protect_CSP_chunk_width:model.16.cv1.conv,,,,,,,,,
25,model.17.conv,feasible,,128,120,8,0.11588363174814731,8906304,10.2182144,0.014361599999999086,0.05378661133740237,8.068991738257205
25,model.19.cv2.conv,feasible,,176,168,8,0.0687271306742332,8888040,10.2111104,0.021465599999999085,0.054444446419925074,3.2017335026384597
25,model.19.m.0.cv1.conv,feasible,,64,56,8,0.266423247900093,8896832,10.2030592,0.029516799999999677,0.055189992846784275,9.026156219512139
25,model.19.m.0.cv2.conv,rejected,ValueError: protect_CSP_chunk_width:model.19.cv1.conv,,,,,,,,,
25,model.20.conv,feasible,,256,248,8,0.049285872275504516,8898496,10.2258624,0.006713599999999431,0.05307840149630816,7.3411988017619
25,model.22.cv2.conv,feasible,,512,504,8,0.01521863833477255,8903400,10.227824,0.0047519999999998674,0.05289675604334132,3.2025754071491948
25,model.22.m.0.cv1.conv,feasible,,104,96,8,0.05740845142281614,8874272,10.2161728,0.016403199999999174,0.053975664843100346,3.499832436525741
25,model.22.m.0.cv2.conv,feasible,,88,80,8,0.005265685529138864,8911168,10.2309312,0.0016447999999993357,0.05260902727526484,3.201413867425213
25,model.22.m.0.cv3.conv,rejected,ValueError: protect_CSP_chunk_width:model.22.cv1.conv,,,,,,,,,
25,model.22.m.0.m.0.cv1.conv,feasible,,128,120,8,0.10106834718681057,8900288,10.2265792,0.005996800000000135,0.05301202534383742,16.85371317816307
25,model.22.m.0.m.0.cv2.conv,feasible,,104,96,8,0.07123504564879113,8874272,10.2161728,0.016403199999999174,0.053975664843100346,4.342752978003969
25,model.22.m.0.m.1.cv1.conv,feasible,,128,120,8,0.07346546119151753,8900288,10.2265792,0.005996800000000135,0.05301202534383742,12.250777279801873
25,model.22.m.0.m.1.cv2.conv,feasible,,104,96,8,0.05790110860107234,8874272,10.2161728,0.016403199999999174,0.053975664843100346,3.529866648036679
26,model.1.conv,feasible,,64,56,8,0.35252590430900455,8908336,10.158432,0.0724992000000011,0.059322500982307846,4.862479921281879
26,model.2.cv2.conv,feasible,,128,120,8,0.26775179627293255,8901168,10.1518784,0.07905280000000126,0.05992936866204057,3.3869995278210046
26,model.3.conv,feasible,,128,120,8,0.3316289447102463,8900912,10.1652928,0.06563840000000098,0.05868718638008774,5.052361799042044
26,model.4.cv2.conv,feasible,,256,248,8,0.23322998748335522,8890160,10.1849536,0.04597760000000051,0.056866583340889565,5.072687297365514
26,model.4.m.0.cv2.conv,rejected,ValueError: protect_CSP_chunk_width:model.4.cv1.conv,,,,,,,,,
26,model.5.conv,feasible,,256,248,8,0.2536716407194035,8890672,10.1981376,0.032793599999999756,0.05564573625080227,7.735400831851502
26,model.6.cv2.conv,feasible,,256,248,8,0.1526780080894241,8869168,10.207968,0.022963200000001294,0.05473543473120335,6.64881236454046
26,model.6.m.0.cv1.conv,feasible,,56,48,8,0.12329893329297192,8890640,10.1980864,0.03284480000000123,0.055650477404550314,3.7539864238164737
26,model.6.m.0.cv2.conv,feasible,,64,56,8,0.04482214920062688,8909104,10.2276288,0.003302400000000816,0.05291483169200517,13.572598474023682
26,model.6.m.0.cv3.conv,rejected,ValueError: protect_CSP_chunk_width:model.6.cv1.conv,,,,,,,,,
26,model.6.m.0.m.0.cv1.conv,feasible,,64,56,8,0.22967953974148259,8903088,10.2180032,0.012928000000000495,0.05380616859661258,17.766053507230335
26,model.6.m.0.m.0.cv2.conv,feasible,,56,48,8,0.15977091569948243,8890640,10.1980864,0.03284480000000123,0.055650477404550314,4.864420416610132
26,model.6.m.0.m.1.cv1.conv,feasible,,64,56,8,0.24963759469392244,8903088,10.2180032,0.012928000000000495,0.05380616859661258,19.309838698477172
26,model.6.m.0.m.1.cv2.conv,feasible,,56,48,8,0.1870213103684364,8890640,10.1980864,0.03284480000000123,0.055650477404550314,5.694091922265606
26,model.7.conv,feasible,,512,504,8,0.11021360519225709,8888624,10.2219136,0.009017599999999959,0.05344406297911575,12.22205522447853
26,model.8.cv2.conv,feasible,,512,504,8,0.07960463270865148,8902960,10.227648,0.0032832000000002637,0.05291305375934974,24.24605041077153
26,model.8.m.0.cv1.conv,feasible,,120,112,8,0.0589791791717289,8870160,10.214528,0.01640320000000095,0.054127974407252144,3.5955898344058164
26,model.8.m.0.cv2.conv,feasible,,128,120,8,0.015580691699142335,8907056,10.2292864,0.001644800000001112,0.05276133683941664,9.472696801514957
26,model.8.m.0.cv3.conv,rejected,ValueError: protect_CSP_chunk_width:model.8.cv1.conv,,,,,,,,,
26,model.8.m.0.m.0.cv1.conv,feasible,,128,120,8,0.05898893894845969,8893872,10.2240128,0.006918399999999991,0.05324967567545136,8.526384561236668
26,model.8.m.0.m.0.cv2.conv,feasible,,120,112,8,0.0760148638728424,8870160,10.214528,0.01640320000000095,0.054127974407252144,4.634148451085032
26,model.8.m.0.m.1.cv1.conv,feasible,,128,120,8,0.05229842906919657,8893872,10.2240128,0.006918399999999991,0.05324967567545136,7.559324275728006
26,model.8.m.0.m.1.cv2.conv,feasible,,120,112,8,0.07124925615062239,8870160,10.214528,0.01640320000000095,0.054127974407252144,4.343619302978581
26,model.9.cv1.conv,feasible,,256,248,8,0.08739875936225872,8890672,10.2227232,0.008207999999999771,0.053369093485476915,10.647996998326164
26,model.9.cv2.conv,rejected,ValueError: protect_stem_attention_DFL:model.10.cv1.conv,,,,,,,,,
26,model.13.cv2.conv,feasible,,256,248,8,0.11759746192547027,8905008,10.2161088,0.014822399999999902,0.053981591285285235,7.933766591474461
26,model.13.m.0.cv1.conv,feasible,,64,56,8,0.46857728314353153,8892720,10.2014144,0.029516799999999677,0.05534230241093585,15.874935058798266
26,model.16.cv2.conv,feasible,,96,88,8,0.19902714598720195,8894680,10.1696448,0.061286400000000185,0.05828418831151516,3.2474928530179836
26,model.16.m.0.cv2.conv,rejected,ValueError: protect_CSP_chunk_width:model.16.cv1.conv,,,,,,,,,
26,model.17.conv,feasible,,128,120,8,0.11588363174814731,8902192,10.2165696,0.014361600000000863,0.053938920901554166,8.068991738256207
26,model.19.cv2.conv,feasible,,176,168,8,0.0687271306742332,8883928,10.2094656,0.021465600000000862,0.05459675598407687,3.201733502638195
26,model.19.m.0.cv1.conv,feasible,,64,56,8,0.266423247900093,8892720,10.2014144,0.029516799999999677,0.05534230241093585,9.026156219512139
26,model.19.m.0.cv2.conv,rejected,ValueError: protect_CSP_chunk_width:model.19.cv1.conv,,,,,,,,,
26,model.20.conv,feasible,,256,248,8,0.049285872275504516,8894384,10.2242176,0.0067136000000012075,0.053230711060459845,7.341198801759957
26,model.22.cv2.conv,feasible,,512,504,8,0.01521863833477255,8899288,10.2261792,0.0047519999999998674,0.053049065607492896,3.2025754071491948
26,model.22.m.0.cv1.conv,feasible,,104,96,8,0.05740845142281614,8870160,10.214528,0.01640320000000095,0.054127974407252144,3.4998324365253617
26,model.22.m.0.cv2.conv,feasible,,80,72,8,0.005498029888258316,8907056,10.2292864,0.001644800000001112,0.05276133683941664,3.342673813384362
26,model.22.m.0.cv3.conv,rejected,ValueError: protect_CSP_chunk_width:model.22.cv1.conv,,,,,,,,,
26,model.22.m.0.m.0.cv1.conv,feasible,,128,120,8,0.10106834718681057,8896176,10.2249344,0.005996800000000135,0.053164334907989,16.85371317816307
26,model.22.m.0.m.0.cv2.conv,feasible,,104,96,8,0.07123504564879113,8870160,10.214528,0.01640320000000095,0.054127974407252144,4.3427529780034995
26,model.22.m.0.m.1.cv1.conv,feasible,,128,120,8,0.07346546119151753,8896176,10.2249344,0.005996800000000135,0.053164334907989,12.250777279801873
26,model.22.m.0.m.1.cv2.conv,feasible,,104,96,8,0.05790110860107234,8870160,10.214528,0.01640320000000095,0.054127974407252144,3.529866648036297
27,model.1.conv,feasible,,64,56,8,0.35252590430900455,8881096,10.1369664,0.07249919999999932,0.061310229691119766,4.862479921281999
27,model.2.cv2.conv,feasible,,128,120,8,0.26775179627293255,8873928,10.1304128,0.07905279999999948,0.06191709737085249,3.3869995278210805
27,model.3.conv,feasible,,128,120,8,0.3316289447102463,8873672,10.1438272,0.06563839999999921,0.06067491508889955,5.052361799042181
27,model.4.cv2.conv,feasible,,256,248,8,0.23322998748335522,8862920,10.163488,0.04597760000000051,0.058854312049701596,5.072687297365514
27,model.4.m.0.cv2.conv,rejected,ValueError: protect_CSP_chunk_width:model.4.cv1.conv,,,,,,,,,
27,model.5.conv,feasible,,256,248,8,0.2536716407194035,8863432,10.176672,0.032793599999999756,0.0576334649596143,7.735400831851502
27,model.6.cv2.conv,feasible,,256,248,8,0.1526780080894241,8841928,10.1865024,0.022963199999999517,0.05672316344001527,6.648812364540976
27,model.6.m.0.cv1.conv,feasible,,56,48,8,0.12329893329297192,8863400,10.1766208,0.03284479999999945,0.05763820611336212,3.7539864238166767
27,model.6.m.0.cv2.conv,feasible,,64,56,8,0.04482214920062688,8881864,10.2061632,0.0033023999999990394,0.05490256040081709,13.572598474030983
27,model.6.m.0.cv3.conv,rejected,ValueError: protect_CSP_chunk_width:model.6.cv1.conv,,,,,,,,,
27,model.6.m.0.m.0.cv1.conv,feasible,,64,56,8,0.22967953974148259,8875848,10.1965376,0.012928000000000495,0.05579389730542461,17.766053507230335
27,model.6.m.0.m.0.cv2.conv,feasible,,56,48,8,0.15977091569948243,8863400,10.1766208,0.03284479999999945,0.05763820611336212,4.864420416610395
27,model.6.m.0.m.1.cv1.conv,feasible,,64,56,8,0.24963759469392244,8875848,10.1965376,0.012928000000000495,0.05579389730542461,19.309838698477172
27,model.6.m.0.m.1.cv2.conv,feasible,,56,48,8,0.1870213103684364,8863400,10.1766208,0.03284479999999945,0.05763820611336212,5.6940919222659145
27,model.7.conv,feasible,,512,504,8,0.11021360519225709,8861384,10.200448,0.009017599999999959,0.05543179168792778,12.22205522447853
27,model.8.cv2.conv,feasible,,512,504,8,0.07960463270865148,8875720,10.2061824,0.0032832000000002637,0.05490078246816177,24.24605041077153
27,model.8.m.0.cv1.conv,feasible,,120,112,8,0.0589791791717289,8842920,10.1930624,0.016403199999999174,0.056115703116064064,3.5955898344062054
27,model.8.m.0.cv2.conv,feasible,,128,120,8,0.015580691699142335,8879816,10.2078208,0.0016447999999993357,0.05474906554822845,9.472696801525187
27,model.8.m.0.cv3.conv,rejected,ValueError: protect_CSP_chunk_width:model.8.cv1.conv,,,,,,,,,
27,model.8.m.0.m.0.cv1.conv,feasible,,128,120,8,0.05898893894845969,8866632,10.2025472,0.006918399999999991,0.0552374043842635,8.526384561236668
27,model.8.m.0.m.0.cv2.conv,feasible,,120,112,8,0.0760148638728424,8842920,10.1930624,0.016403199999999174,0.056115703116064064,4.634148451085534
27,model.8.m.0.m.1.cv1.conv,feasible,,128,120,8,0.05229842906919657,8866632,10.2025472,0.006918399999999991,0.0552374043842635,7.559324275728006
27,model.8.m.0.m.1.cv2.conv,feasible,,120,112,8,0.07124925615062239,8842920,10.1930624,0.016403199999999174,0.056115703116064064,4.343619302979051
27,model.9.cv1.conv,feasible,,256,248,8,0.08739875936225872,8863432,10.2012576,0.008207999999999771,0.055356822194288946,10.647996998326164
27,model.9.cv2.conv,rejected,ValueError: protect_stem_attention_DFL:model.10.cv1.conv,,,,,,,,,
27,model.13.cv2.conv,feasible,,256,248,8,0.11759746192547027,8877768,10.1946432,0.014822399999999902,0.055969319994097266,7.933766591474461
27,model.13.m.0.cv1.conv,feasible,,64,56,8,0.46857728314353153,8865480,10.1799488,0.029516799999999677,0.05733003111974799,15.874935058798266
27,model.16.cv2.conv,feasible,,96,88,8,0.19902714598720195,8867440,10.1481792,0.061286400000000185,0.06027191702032719,3.2474928530179836
27,model.16.m.0.cv2.conv,rejected,ValueError: protect_CSP_chunk_width:model.16.cv1.conv,,,,,,,,,
27,model.17.conv,feasible,,128,120,8,0.11588363174814731,8874952,10.195104,0.014361599999999086,0.055926649610365975,8.068991738257205
27,model.19.cv2.conv,feasible,,168,160,8,0.07088810378991184,8856688,10.188,0.021465599999999085,0.05658448469288879,3.3024049544347633
27,model.19.m.0.cv1.conv,feasible,,64,56,8,0.266423247900093,8865480,10.1799488,0.029516799999999677,0.05733003111974799,9.026156219512139
27,model.19.m.0.cv2.conv,rejected,ValueError: protect_CSP_chunk_width:model.19.cv1.conv,,,,,,,,,
27,model.20.conv,feasible,,256,248,8,0.049285872275504516,8867720,10.2029824,0.006483199999999911,0.05519710457740623,7.602090368260302
27,model.22.cv2.conv,feasible,,512,504,8,0.01521863833477255,8872048,10.2047136,0.0047519999999998674,0.05503679431630493,3.2025754071491948
27,model.22.m.0.cv1.conv,feasible,,104,96,8,0.05740845142281614,8842920,10.1930624,0.016403199999999174,0.056115703116064064,3.499832436525741
27,model.22.m.0.cv2.conv,feasible,,80,72,8,0.005498029888258316,8879816,10.2078208,0.0016447999999993357,0.05474906554822845,3.342673813387972
27,model.22.m.0.cv3.conv,rejected,ValueError: protect_CSP_chunk_width:model.22.cv1.conv,,,,,,,,,
27,model.22.m.0.m.0.cv1.conv,feasible,,128,120,8,0.10106834718681057,8868936,10.2034688,0.005996800000000135,0.05515206361680103,16.85371317816307
27,model.22.m.0.m.0.cv2.conv,feasible,,104,96,8,0.07123504564879113,8842920,10.1930624,0.016403199999999174,0.056115703116064064,4.342752978003969
27,model.22.m.0.m.1.cv1.conv,feasible,,128,120,8,0.07346546119151753,8868936,10.2034688,0.005996800000000135,0.05515206361680103,12.250777279801873
27,model.22.m.0.m.1.cv2.conv,feasible,,104,96,8,0.05790110860107234,8842920,10.1930624,0.016403199999999174,0.056115703116064064,3.529866648036679
28,model.1.conv,feasible,,64,56,8,0.35252590430900455,8869216,10.1322144,0.07249919999999932,0.06175026802334782,4.862479921281999
28,model.2.cv2.conv,feasible,,128,120,8,0.26775179627293255,8862048,10.1256608,0.07905279999999948,0.062357135703080546,3.3869995278210805
28,model.3.conv,feasible,,128,120,8,0.3316289447102463,8861792,10.1390752,0.06563839999999921,0.061114953421127605,5.052361799042181
28,model.4.cv2.conv,feasible,,256,248,8,0.23322998748335522,8851040,10.158736,0.04597760000000051,0.05929435038192965,5.072687297365514
28,model.4.m.0.cv2.conv,rejected,ValueError: protect_CSP_chunk_width:model.4.cv1.conv,,,,,,,,,
28,model.5.conv,feasible,,256,248,8,0.2536716407194035,8851552,10.17192,0.032793599999999756,0.058073503291842354,7.735400831851502
28,model.6.cv2.conv,feasible,,256,248,8,0.1526780080894241,8830048,10.1817504,0.022963199999999517,0.05716320177224332,6.648812364540976
28,model.6.m.0.cv1.conv,feasible,,56,48,8,0.12329893329297192,8851520,10.1718688,0.03284479999999945,0.05807824444559018,3.7539864238166767
28,model.6.m.0.cv2.conv,feasible,,64,56,8,0.04482214920062688,8869984,10.2014112,0.0033023999999990394,0.055342598733045145,13.572598474030983
28,model.6.m.0.cv3.conv,rejected,ValueError: protect_CSP_chunk_width:model.6.cv1.conv,,,,,,,,,
28,model.6.m.0.m.0.cv1.conv,feasible,,64,56,8,0.22967953974148259,8863968,10.1917856,0.012928000000000495,0.056233935637652666,17.766053507230335
28,model.6.m.0.m.0.cv2.conv,feasible,,56,48,8,0.15977091569948243,8851520,10.1718688,0.03284479999999945,0.05807824444559018,4.864420416610395
28,model.6.m.0.m.1.cv1.conv,feasible,,64,56,8,0.24963759469392244,8863968,10.1917856,0.012928000000000495,0.056233935637652666,19.309838698477172
28,model.6.m.0.m.1.cv2.conv,feasible,,56,48,8,0.1870213103684364,8851520,10.1718688,0.03284479999999945,0.05807824444559018,5.6940919222659145
28,model.7.conv,feasible,,512,504,8,0.11021360519225709,8849504,10.195696,0.009017599999999959,0.05587183002015583,12.22205522447853
28,model.8.cv2.conv,feasible,,512,504,8,0.07960463270865148,8863840,10.2014304,0.0032832000000002637,0.05534082080038982,24.24605041077153
28,model.8.m.0.cv1.conv,feasible,,120,112,8,0.0589791791717289,8831040,10.1883104,0.016403199999999174,0.05655574144829201,3.5955898344062054
28,model.8.m.0.cv2.conv,feasible,,128,120,8,0.015580691699142335,8867936,10.2030688,0.0016447999999993357,0.0551891038804565,9.472696801525187
28,model.8.m.0.cv3.conv,rejected,ValueError: protect_CSP_chunk_width:model.8.cv1.conv,,,,,,,,,
28,model.8.m.0.m.0.cv1.conv,feasible,,128,120,8,0.05898893894845969,8854752,10.1977952,0.006918399999999991,0.05567744271649144,8.526384561236668
28,model.8.m.0.m.0.cv2.conv,feasible,,120,112,8,0.0760148638728424,8831040,10.1883104,0.016403199999999174,0.05655574144829201,4.634148451085534
28,model.8.m.0.m.1.cv1.conv,feasible,,128,120,8,0.05229842906919657,8854752,10.1977952,0.006918399999999991,0.05567744271649144,7.559324275728006
28,model.8.m.0.m.1.cv2.conv,feasible,,120,112,8,0.07124925615062239,8831040,10.1883104,0.016403199999999174,0.05655574144829201,4.343619302979051
28,model.9.cv1.conv,feasible,,256,248,8,0.08739875936225872,8851552,10.1965056,0.008207999999999771,0.055796860526517,10.647996998326164
28,model.9.cv2.conv,rejected,ValueError: protect_stem_attention_DFL:model.10.cv1.conv,,,,,,,,,
28,model.13.cv2.conv,feasible,,256,248,8,0.11759746192547027,8865888,10.1898912,0.014822399999999902,0.05640935832632532,7.933766591474461
28,model.13.m.0.cv1.conv,feasible,,64,56,8,0.46857728314353153,8853600,10.1751968,0.029516799999999677,0.057770069451975936,15.874935058798266
28,model.16.cv2.conv,feasible,,96,88,8,0.19902714598720195,8855560,10.1434272,0.061286400000000185,0.06071195535255525,3.2474928530179836
28,model.16.m.0.cv2.conv,rejected,ValueError: protect_CSP_chunk_width:model.16.cv1.conv,,,,,,,,,
28,model.17.conv,feasible,,128,120,8,0.11588363174814731,8863072,10.190352,0.014361599999999086,0.05636668794259403,8.068991738257205
28,model.19.cv2.conv,feasible,,168,160,8,0.07088810378991184,8844808,10.183248,0.021465599999999085,0.05702452302511685,3.3024049544347633
28,model.19.m.0.cv1.conv,feasible,,64,56,8,0.266423247900093,8853600,10.1751968,0.029516799999999677,0.057770069451975936,9.026156219512139
28,model.19.m.0.cv2.conv,rejected,ValueError: protect_CSP_chunk_width:model.19.cv1.conv,,,,,,,,,
28,model.20.conv,feasible,,256,248,8,0.049285872275504516,8855840,10.1982304,0.006483199999999911,0.055637142909634285,7.602090368260302
28,model.22.cv2.conv,feasible,,504,496,8,0.017202589546286617,8860168,10.1999616,0.0047519999999998674,0.05547683264853298,3.6200735577203487
28,model.22.m.0.cv1.conv,feasible,,104,96,8,0.05740845142281614,8831040,10.1883104,0.016403199999999174,0.05655574144829201,3.499832436525741
28,model.22.m.0.cv2.conv,feasible,,80,72,8,0.005498029888258316,8867936,10.2030688,0.0016447999999993357,0.0551891038804565,3.342673813387972
28,model.22.m.0.cv3.conv,rejected,ValueError: protect_CSP_chunk_width:model.22.cv1.conv,,,,,,,,,
28,model.22.m.0.m.0.cv1.conv,feasible,,128,120,8,0.10106834718681057,8857056,10.1987168,0.005996800000000135,0.05559210194902908,16.85371317816307
28,model.22.m.0.m.0.cv2.conv,feasible,,104,96,8,0.07123504564879113,8831040,10.1883104,0.016403199999999174,0.05655574144829201,4.342752978003969
28,model.22.m.0.m.1.cv1.conv,feasible,,128,120,8,0.07346546119151753,8857056,10.1987168,0.005996800000000135,0.05559210194902908,12.250777279801873
28,model.22.m.0.m.1.cv2.conv,feasible,,104,96,8,0.05790110860107234,8831040,10.1883104,0.016403199999999174,0.05655574144829201,3.529866648036679
29,model.1.conv,feasible,,64,56,8,0.35252590430900455,8852728,10.070928,0.07249919999999932,0.06742542905959803,4.862479921281999
29,model.2.cv2.conv,feasible,,128,120,8,0.26775179627293255,8845560,10.0643744,0.07905279999999948,0.06803229673933076,3.3869995278210805
29,model.3.conv,feasible,,128,120,8,0.3316289447102463,8845304,10.0777888,0.06563839999999921,0.06679011445737792,5.052361799042181
29,model.4.cv2.conv,feasible,,256,248,8,0.23322998748335522,8834552,10.0974496,0.04597760000000051,0.06496951141817997,5.072687297365514
29,model.4.m.0.cv2.conv,rejected,ValueError: protect_CSP_chunk_width:model.4.cv1.conv,,,,,,,,,
29,model.5.conv,feasible,,256,248,8,0.2536716407194035,8835064,10.1106336,0.032793599999999756,0.06374866432809256,7.735400831851502
29,model.6.cv2.conv,feasible,,256,248,8,0.1526780080894241,8813560,10.120464,0.022963199999999517,0.06283836280849353,6.648812364540976
29,model.6.m.0.cv1.conv,feasible,,56,48,8,0.12329893329297192,8835032,10.1105824,0.03284479999999945,0.0637534054818405,3.7539864238166767
29,model.6.m.0.cv2.conv,feasible,,64,56,8,0.04482214920062688,8853496,10.1401248,0.0033023999999990394,0.061017759769295465,13.572598474030983
29,model.6.m.0.cv3.conv,rejected,ValueError: protect_CSP_chunk_width:model.6.cv1.conv,,,,,,,,,
29,model.6.m.0.m.0.cv1.conv,feasible,,64,56,8,0.22967953974148259,8847480,10.1304992,0.012928000000000495,0.061909096673902986,17.766053507230335
29,model.6.m.0.m.0.cv2.conv,feasible,,56,48,8,0.15977091569948243,8835032,10.1105824,0.03284479999999945,0.0637534054818405,4.864420416610395
29,model.6.m.0.m.1.cv1.conv,feasible,,64,56,8,0.24963759469392244,8847480,10.1304992,0.012928000000000495,0.061909096673902986,19.309838698477172
29,model.6.m.0.m.1.cv2.conv,feasible,,56,48,8,0.1870213103684364,8835032,10.1105824,0.03284479999999945,0.0637534054818405,5.6940919222659145
29,model.7.conv,feasible,,512,504,8,0.11021360519225709,8833016,10.1344096,0.009017599999999959,0.06154699105640615,12.22205522447853
29,model.8.cv2.conv,feasible,,512,504,8,0.07960463270865148,8847352,10.140144,0.0032832000000002637,0.06101598183664003,24.24605041077153
29,model.8.m.0.cv1.conv,feasible,,120,112,8,0.0589791791717289,8814552,10.127024,0.016403199999999174,0.06223090248454233,3.5955898344062054
29,model.8.m.0.cv2.conv,feasible,,128,120,8,0.015580691699142335,8851448,10.1417824,0.0016447999999993357,0.06086426491670682,9.472696801525187
29,model.8.m.0.cv3.conv,rejected,ValueError: protect_CSP_chunk_width:model.8.cv1.conv,,,,,,,,,
29,model.8.m.0.m.0.cv1.conv,feasible,,128,120,8,0.05898893894845969,8838264,10.1365088,0.006918399999999991,0.06135260375274176,8.526384561236668
29,model.8.m.0.m.0.cv2.conv,feasible,,120,112,8,0.0760148638728424,8814552,10.127024,0.016403199999999174,0.06223090248454233,4.634148451085534
29,model.8.m.0.m.1.cv1.conv,feasible,,128,120,8,0.05229842906919657,8838264,10.1365088,0.006918399999999991,0.06135260375274176,7.559324275728006
29,model.8.m.0.m.1.cv2.conv,feasible,,120,112,8,0.07124925615062239,8814552,10.127024,0.016403199999999174,0.06223090248454233,4.343619302979051
29,model.9.cv1.conv,feasible,,256,248,8,0.08739875936225872,8835064,10.1352192,0.008207999999999771,0.06147202156276732,10.647996998326164
29,model.9.cv2.conv,rejected,ValueError: protect_stem_attention_DFL:model.10.cv1.conv,,,,,,,,,
29,model.13.cv2.conv,feasible,,256,248,8,0.11759746192547027,8849400,10.1286048,0.014822399999999902,0.06208451936257564,7.933766591474461
29,model.13.m.0.cv1.conv,feasible,,64,56,8,0.46857728314353153,8837112,10.1139104,0.029516799999999677,0.06344523048822626,15.874935058798266
29,model.16.cv2.conv,feasible,,88,80,8,0.2065750679903431,8839072,10.0821408,0.061286400000000185,0.06638711638880546,3.370651041509086
29,model.16.m.0.cv2.conv,rejected,ValueError: protect_CSP_chunk_width:model.16.cv1.conv,,,,,,,,,
29,model.17.conv,feasible,,128,120,8,0.11588363174814731,8847160,10.1299872,0.01343999999999923,0.06195650821138199,8.622294028880502
29,model.19.cv2.conv,feasible,,168,160,8,0.07088810378991184,8828320,10.1219616,0.021465599999999085,0.06269968406136706,3.3024049544347633
29,model.19.m.0.cv1.conv,feasible,,64,56,8,0.266423247900093,8837112,10.1139104,0.029516799999999677,0.06344523048822626,9.026156219512139
29,model.19.m.0.cv2.conv,rejected,ValueError: protect_CSP_chunk_width:model.19.cv1.conv,,,,,,,,,
29,model.20.conv,feasible,,256,248,8,0.049285872275504516,8839352,10.136944,0.006483199999999911,0.061312303945884494,7.602090368260302
29,model.22.cv2.conv,feasible,,504,496,8,0.017202589546286617,8843680,10.1386752,0.0047519999999998674,0.0611519936847833,3.6200735577203487
29,model.22.m.0.cv1.conv,feasible,,104,96,8,0.05740845142281614,8814552,10.127024,0.016403199999999174,0.06223090248454233,3.499832436525741
29,model.22.m.0.cv2.conv,feasible,,80,72,8,0.005498029888258316,8851448,10.1417824,0.0016447999999993357,0.06086426491670682,3.342673813387972
29,model.22.m.0.cv3.conv,rejected,ValueError: protect_CSP_chunk_width:model.22.cv1.conv,,,,,,,,,
29,model.22.m.0.m.0.cv1.conv,feasible,,128,120,8,0.10106834718681057,8840568,10.1374304,0.005996800000000135,0.0612672629852794,16.85371317816307
29,model.22.m.0.m.0.cv2.conv,feasible,,104,96,8,0.07123504564879113,8814552,10.127024,0.016403199999999174,0.06223090248454233,4.342752978003969
29,model.22.m.0.m.1.cv1.conv,feasible,,128,120,8,0.07346546119151753,8840568,10.1374304,0.005996800000000135,0.0612672629852794,12.250777279801873
29,model.22.m.0.m.1.cv2.conv,feasible,,104,96,8,0.05790110860107234,8814552,10.127024,0.016403199999999174,0.06223090248454233,3.529866648036679
30,model.1.conv,feasible,,64,56,8,0.35252590430900455,8825488,10.0494624,0.0724992000000011,0.06941315776841017,4.862479921281879
30,model.2.cv2.conv,feasible,,128,120,8,0.26775179627293255,8818320,10.0429088,0.07905280000000126,0.07002002544814279,3.3869995278210046
30,model.3.conv,feasible,,128,120,8,0.3316289447102463,8818064,10.0563232,0.06563840000000098,0.06877784316618996,5.052361799042044
30,model.4.cv2.conv,feasible,,256,248,8,0.23322998748335522,8807312,10.075984,0.04597760000000051,0.06695724012699178,5.072687297365514
30,model.4.m.0.cv2.conv,rejected,ValueError: protect_CSP_chunk_width:model.4.cv1.conv,,,,,,,,,
30,model.5.conv,feasible,,256,248,8,0.2536716407194035,8807824,10.089168,0.032793599999999756,0.06573639303690448,7.735400831851502
30,model.6.cv2.conv,feasible,,256,248,8,0.1526780080894241,8786320,10.0989984,0.022963200000001294,0.06482609151730556,6.64881236454046
30,model.6.m.0.cv1.conv,feasible,,56,48,8,0.12329893329297192,8807792,10.0891168,0.03284480000000123,0.06574113419065253,3.7539864238164737
30,model.6.m.0.cv2.conv,feasible,,64,56,8,0.04482214920062688,8826256,10.1186592,0.003302400000000816,0.0630054884781075,13.572598474023682
30,model.6.m.0.cv3.conv,rejected,ValueError: protect_CSP_chunk_width:model.6.cv1.conv,,,,,,,,,
30,model.6.m.0.m.0.cv1.conv,feasible,,64,56,8,0.22967953974148259,8820240,10.1090336,0.012928000000000495,0.0638968253827148,17.766053507230335
30,model.6.m.0.m.0.cv2.conv,feasible,,56,48,8,0.15977091569948243,8807792,10.0891168,0.03284480000000123,0.06574113419065253,4.864420416610132
30,model.6.m.0.m.1.cv1.conv,feasible,,64,56,8,0.24963759469392244,8820240,10.1090336,0.012928000000000495,0.0638968253827148,19.309838698477172
30,model.6.m.0.m.1.cv2.conv,feasible,,56,48,8,0.1870213103684364,8807792,10.0891168,0.03284480000000123,0.06574113419065253,5.694091922265606
30,model.7.conv,feasible,,512,504,8,0.11021360519225709,8805776,10.112944,0.009017599999999959,0.06353471976521807,12.22205522447853
30,model.8.cv2.conv,feasible,,512,504,8,0.07960463270865148,8820112,10.1186784,0.0032832000000002637,0.06300371054545195,24.24605041077153
30,model.8.m.0.cv1.conv,feasible,,120,112,8,0.0589791791717289,8787312,10.1055584,0.01640320000000095,0.06421863119335436,3.5955898344058164
30,model.8.m.0.cv2.conv,feasible,,128,120,8,0.015580691699142335,8824208,10.1203168,0.001644800000001112,0.06285199362551885,9.472696801514957
30,model.8.m.0.cv3.conv,rejected,ValueError: protect_CSP_chunk_width:model.8.cv1.conv,,,,,,,,,
30,model.8.m.0.m.0.cv1.conv,feasible,,128,120,8,0.05898893894845969,8811024,10.1150432,0.006918399999999991,0.06334033246155368,8.526384561236668
30,model.8.m.0.m.0.cv2.conv,feasible,,120,112,8,0.0760148638728424,8787312,10.1055584,0.01640320000000095,0.06421863119335436,4.634148451085032
30,model.8.m.0.m.1.cv1.conv,feasible,,128,120,8,0.05229842906919657,8811024,10.1150432,0.006918399999999991,0.06334033246155368,7.559324275728006
30,model.8.m.0.m.1.cv2.conv,feasible,,120,112,8,0.07124925615062239,8787312,10.1055584,0.01640320000000095,0.06421863119335436,4.343619302978581
30,model.9.cv1.conv,feasible,,256,248,8,0.08739875936225872,8807824,10.1137536,0.008207999999999771,0.06345975027157913,10.647996998326164
30,model.9.cv2.conv,rejected,ValueError: protect_stem_attention_DFL:model.10.cv1.conv,,,,,,,,,
30,model.13.cv2.conv,feasible,,256,248,8,0.11759746192547027,8822160,10.1071392,0.014822399999999902,0.06407224807138756,7.933766591474461
30,model.13.m.0.cv1.conv,feasible,,64,56,8,0.46857728314353153,8809872,10.0924448,0.029516799999999677,0.06543295919703818,15.874935058798266
30,model.16.cv2.conv,feasible,,88,80,8,0.2065750679903431,8811832,10.0606752,0.061286400000000185,0.06837484509761738,3.370651041509086
30,model.16.m.0.cv2.conv,rejected,ValueError: protect_CSP_chunk_width:model.16.cv1.conv,,,,,,,,,
30,model.17.conv,feasible,,128,120,8,0.11588363174814731,8819920,10.1085216,0.013440000000001007,0.06394423692019402,8.622294028879363
30,model.19.cv2.conv,feasible,,160,152,8,0.07244787236413686,8801080,10.100496,0.021465600000000862,0.0646874127701792,3.375068591799621
30,model.19.m.0.cv1.conv,feasible,,64,56,8,0.266423247900093,8809872,10.0924448,0.029516799999999677,0.06543295919703818,9.026156219512139
30,model.19.m.0.cv2.conv,rejected,ValueError: protect_CSP_chunk_width:model.19.cv1.conv,,,,,,,,,
30,model.20.conv,feasible,,256,248,8,0.049285872275504516,8812688,10.1157088,0.006252800000000391,0.06327869746283088,7.882208334746263
30,model.22.cv2.conv,feasible,,504,496,8,0.017202589546286617,8816440,10.1172096,0.0047519999999998674,0.06313972239359511,3.6200735577203487
30,model.22.m.0.cv1.conv,feasible,,104,96,8,0.05740845142281614,8787312,10.1055584,0.01640320000000095,0.06421863119335436,3.4998324365253617
30,model.22.m.0.cv2.conv,feasible,,80,72,8,0.005498029888258316,8824208,10.1203168,0.001644800000001112,0.06285199362551885,3.342673813384362
30,model.22.m.0.cv3.conv,rejected,ValueError: protect_CSP_chunk_width:model.22.cv1.conv,,,,,,,,,
30,model.22.m.0.m.0.cv1.conv,feasible,,128,120,8,0.10106834718681057,8813328,10.1159648,0.005996800000000135,0.06325499169409121,16.85371317816307
30,model.22.m.0.m.0.cv2.conv,feasible,,104,96,8,0.07123504564879113,8787312,10.1055584,0.01640320000000095,0.06421863119335436,4.3427529780034995
30,model.22.m.0.m.1.cv1.conv,feasible,,128,120,8,0.07346546119151753,8813328,10.1159648,0.005996800000000135,0.06325499169409121,12.250777279801873
30,model.22.m.0.m.1.cv2.conv,feasible,,104,96,8,0.05790110860107234,8787312,10.1055584,0.01640320000000095,0.06421863119335436,3.529866648036297
31,model.1.conv,feasible,,64,56,8,0.35252590430900455,8821376,10.0478176,0.07249919999999932,0.06956546733256175,4.862479921281999
31,model.2.cv2.conv,feasible,,128,120,8,0.26775179627293255,8814208,10.041264,0.07905279999999948,0.07017233501229447,3.3869995278210805
31,model.3.conv,feasible,,128,120,8,0.3316289447102463,8813952,10.0546784,0.06563839999999921,0.06893015273034153,5.052361799042181
31,model.4.cv2.conv,feasible,,256,248,8,0.23322998748335522,8803200,10.0743392,0.04597759999999873,0.06710954969114347,5.07268729736571
31,model.4.m.0.cv2.conv,rejected,ValueError: protect_CSP_chunk_width:model.4.cv1.conv,,,,,,,,,
31,model.5.conv,feasible,,256,248,8,0.2536716407194035,8803712,10.0875232,0.032793599999999756,0.06588870260105628,7.735400831851502
31,model.6.cv2.conv,feasible,,256,248,8,0.1526780080894241,8782208,10.0973536,0.022963199999999517,0.06497840108145725,6.648812364540976
31,model.6.m.0.cv1.conv,feasible,,56,48,8,0.12329893329297192,8803680,10.087472,0.03284479999999945,0.0658934437548041,3.7539864238166767
31,model.6.m.0.cv2.conv,feasible,,64,56,8,0.04482214920062688,8822144,10.1170144,0.0033023999999990394,0.06315779804225907,13.572598474030983
31,model.6.m.0.cv3.conv,rejected,ValueError: protect_CSP_chunk_width:model.6.cv1.conv,,,,,,,,,
31,model.6.m.0.m.0.cv1.conv,feasible,,64,56,8,0.22967953974148259,8816128,10.1073888,0.012927999999998718,0.06404913494686648,17.76605350723278
31,model.6.m.0.m.0.cv2.conv,feasible,,56,48,8,0.15977091569948243,8803680,10.087472,0.03284479999999945,0.0658934437548041,4.864420416610395
31,model.6.m.0.m.1.cv1.conv,feasible,,64,56,8,0.24963759469392244,8816128,10.1073888,0.012927999999998718,0.06404913494686648,19.309838698479826
31,model.6.m.0.m.1.cv2.conv,feasible,,56,48,8,0.1870213103684364,8803680,10.087472,0.03284479999999945,0.0658934437548041,5.6940919222659145
31,model.7.conv,feasible,,512,504,8,0.11021360519225709,8801664,10.1112992,0.009017599999999959,0.06368702932936976,12.22205522447853
31,model.8.cv2.conv,feasible,,512,504,8,0.07960463270865148,8816000,10.1170336,0.0032832000000002637,0.06315602010960375,24.24605041077153
31,model.8.m.0.cv1.conv,feasible,,120,112,8,0.0589791791717289,8783200,10.1039136,0.016403199999999174,0.06437094075750593,3.5955898344062054
31,model.8.m.0.cv2.conv,feasible,,128,120,8,0.015580691699142335,8820096,10.118672,0.0016447999999993357,0.06300430318967043,9.472696801525187
31,model.8.m.0.cv3.conv,rejected,ValueError: protect_CSP_chunk_width:model.8.cv1.conv,,,,,,,,,
31,model.8.m.0.m.0.cv1.conv,feasible,,128,120,8,0.05898893894845969,8806912,10.1133984,0.006918399999999991,0.06349264202570548,8.526384561236668
31,model.8.m.0.m.0.cv2.conv,feasible,,120,112,8,0.0760148638728424,8783200,10.1039136,0.016403199999999174,0.06437094075750593,4.634148451085534
31,model.8.m.0.m.1.cv1.conv,feasible,,128,120,8,0.05229842906919657,8806912,10.1133984,0.006918399999999991,0.06349264202570548,7.559324275728006
31,model.8.m.0.m.1.cv2.conv,feasible,,120,112,8,0.07124925615062239,8783200,10.1039136,0.016403199999999174,0.06437094075750593,4.343619302979051
31,model.9.cv1.conv,feasible,,256,248,8,0.08739875936225872,8803712,10.1121088,0.008207999999999771,0.06361205983573093,10.647996998326164
31,model.9.cv2.conv,rejected,ValueError: protect_stem_attention_DFL:model.10.cv1.conv,,,,,,,,,
31,model.13.cv2.conv,feasible,,256,248,8,0.11759746192547027,8818048,10.1054944,0.014822399999999902,0.06422455763553925,7.933766591474461
31,model.13.m.0.cv1.conv,feasible,,64,56,8,0.46857728314353153,8805760,10.0908,0.029516799999999677,0.06558526876118986,15.874935058798266
31,model.16.cv2.conv,feasible,,88,80,8,0.2065750679903431,8807720,10.0590304,0.061286400000000185,0.06852715466176917,3.370651041509086
31,model.16.m.0.cv2.conv,rejected,ValueError: protect_CSP_chunk_width:model.16.cv1.conv,,,,,,,,,
31,model.17.conv,feasible,,128,120,8,0.11588363174814731,8815808,10.1068768,0.01343999999999923,0.0640965464843456,8.622294028880502
31,model.19.cv2.conv,feasible,,160,152,8,0.07244787236413686,8796968,10.0988512,0.021465599999999085,0.06483972233433077,3.3750685917999004
31,model.19.m.0.cv1.conv,feasible,,64,56,8,0.266423247900093,8805760,10.0908,0.029516799999999677,0.06558526876118986,9.026156219512139
31,model.19.m.0.cv2.conv,rejected,ValueError: protect_CSP_chunk_width:model.19.cv1.conv,,,,,,,,,
31,model.20.conv,feasible,,256,248,8,0.049285872275504516,8808576,10.114064,0.006252799999998615,0.06343100702698246,7.882208334748502
31,model.22.cv2.conv,feasible,,504,496,8,0.017202589546286617,8812328,10.1155648,0.0047519999999998674,0.06329203195774691,3.6200735577203487
31,model.22.m.0.cv1.conv,feasible,,104,96,8,0.05740845142281614,8783200,10.1039136,0.016403199999999174,0.06437094075750593,3.499832436525741
31,model.22.m.0.cv2.conv,feasible,,72,64,8,0.005828450543504005,8820096,10.118672,0.0016447999999993357,0.06300430318967043,3.543561857676531
31,model.22.m.0.cv3.conv,rejected,ValueError: protect_CSP_chunk_width:model.22.cv1.conv,,,,,,,,,
31,model.22.m.0.m.0.cv1.conv,feasible,,128,120,8,0.10106834718681057,8809216,10.11432,0.005996800000000135,0.06340730125824301,16.85371317816307
31,model.22.m.0.m.0.cv2.conv,feasible,,104,96,8,0.07123504564879113,8783200,10.1039136,0.016403199999999174,0.06437094075750593,4.342752978003969
31,model.22.m.0.m.1.cv1.conv,feasible,,128,120,8,0.07346546119151753,8809216,10.11432,0.005996800000000135,0.06340730125824301,12.250777279801873
31,model.22.m.0.m.1.cv2.conv,feasible,,104,96,8,0.05790110860107234,8783200,10.1039136,0.016403199999999174,0.06437094075750593,3.529866648036679
32,model.1.conv,feasible,,64,56,8,0.35252590430900455,8804888,9.9865312,0.07249919999999932,0.07524062836881196,4.862479921281999
32,model.2.cv2.conv,feasible,,128,120,8,0.26775179627293255,8797720,9.9799776,0.07905279999999948,0.07584749604854468,3.3869995278210805
32,model.3.conv,feasible,,128,120,8,0.3316289447102463,8797464,9.993392,0.06563839999999921,0.07460531376659185,5.052361799042181
32,model.4.cv2.conv,feasible,,256,248,8,0.23322998748335522,8786712,10.0130528,0.04597759999999873,0.07278471072739368,5.07268729736571
32,model.4.m.0.cv2.conv,rejected,ValueError: protect_CSP_chunk_width:model.4.cv1.conv,,,,,,,,,
32,model.5.conv,feasible,,256,248,8,0.2536716407194035,8787224,10.0262368,0.032793599999999756,0.0715638636373066,7.735400831851502
32,model.6.cv2.conv,feasible,,256,248,8,0.1526780080894241,8765720,10.0360672,0.022963199999999517,0.07065356211770746,6.648812364540976
32,model.6.m.0.cv1.conv,feasible,,56,48,8,0.12329893329297192,8787192,10.0261856,0.03284479999999945,0.07156860479105442,3.7539864238166767
32,model.6.m.0.cv2.conv,feasible,,64,56,8,0.04482214920062688,8805656,10.055728,0.0033023999999990394,0.06883295907850939,13.572598474030983
32,model.6.m.0.cv3.conv,rejected,ValueError: protect_CSP_chunk_width:model.6.cv1.conv,,,,,,,,,
32,model.6.m.0.m.0.cv1.conv,feasible,,64,56,8,0.22967953974148259,8799640,10.0461024,0.012927999999998718,0.06972429598311669,17.76605350723278
32,model.6.m.0.m.0.cv2.conv,feasible,,56,48,8,0.15977091569948243,8787192,10.0261856,0.03284479999999945,0.07156860479105442,4.864420416610395
32,model.6.m.0.m.1.cv1.conv,feasible,,64,56,8,0.24963759469392244,8799640,10.0461024,0.012927999999998718,0.06972429598311669,19.309838698479826
32,model.6.m.0.m.1.cv2.conv,feasible,,56,48,8,0.1870213103684364,8787192,10.0261856,0.03284479999999945,0.07156860479105442,5.6940919222659145
32,model.7.conv,feasible,,512,504,8,0.11021360519225709,8785176,10.0500128,0.009017599999999959,0.06936219036562008,12.22205522447853
32,model.8.cv2.conv,feasible,,512,504,8,0.07960463270865148,8799512,10.0557472,0.0032831999999984873,0.06883118114585385,24.246050410784648
32,model.8.m.0.cv1.conv,feasible,,120,112,8,0.0589791791717289,8766712,10.0426272,0.016403199999999174,0.07004610179375625,3.5955898344062054
32,model.8.m.0.cv2.conv,feasible,,128,120,8,0.015580691699142335,8803608,10.0573856,0.0016447999999993357,0.06867946422592075,9.472696801525187
32,model.8.m.0.cv3.conv,rejected,ValueError: protect_CSP_chunk_width:model.8.cv1.conv,,,,,,,,,
32,model.8.m.0.m.0.cv1.conv,feasible,,128,120,8,0.05898893894845969,8790424,10.052112,0.006918399999999991,0.06916780306195569,8.526384561236668
32,model.8.m.0.m.0.cv2.conv,feasible,,120,112,8,0.0760148638728424,8766712,10.0426272,0.016403199999999174,0.07004610179375625,4.634148451085534
32,model.8.m.0.m.1.cv1.conv,feasible,,128,120,8,0.05229842906919657,8790424,10.052112,0.006918399999999991,0.06916780306195569,7.559324275728006
32,model.8.m.0.m.1.cv2.conv,feasible,,120,112,8,0.07124925615062239,8766712,10.0426272,0.016403199999999174,0.07004610179375625,4.343619302979051
32,model.9.cv1.conv,feasible,,256,248,8,0.08739875936225872,8787224,10.0508224,0.008207999999999771,0.06928722087198125,10.647996998326164
32,model.9.cv2.conv,rejected,ValueError: protect_stem_attention_DFL:model.10.cv1.conv,,,,,,,,,
32,model.13.cv2.conv,feasible,,256,248,8,0.11759746192547027,8801560,10.044208,0.014822399999999902,0.06989971867178957,7.933766591474461
32,model.13.m.0.cv1.conv,feasible,,64,56,8,0.46857728314353153,8789272,10.0295136,0.029516799999999677,0.07126042979744018,15.874935058798266
32,model.16.cv2.conv,feasible,,80,72,8,0.21562627752427943,8791232,9.997744,0.06128639999999841,0.07420231569801927,3.518338122720294
32,model.16.m.0.cv2.conv,rejected,ValueError: protect_CSP_chunk_width:model.16.cv1.conv,,,,,,,,,
32,model.17.conv,feasible,,128,120,8,0.11588363174814731,8799896,10.046512,0.012518399999999374,0.06968636675313344,9.257064141436054
32,model.19.cv2.conv,feasible,,160,152,8,0.07244787236413686,8780480,10.0375648,0.021465599999999085,0.07051488337058098,3.3750685917999004
32,model.19.m.0.cv1.conv,feasible,,64,56,8,0.266423247900093,8789272,10.0295136,0.029516799999999677,0.07126042979744018,9.026156219512139
32,model.19.m.0.cv2.conv,rejected,ValueError: protect_CSP_chunk_width:model.19.cv1.conv,,,,,,,,,
32,model.20.conv,feasible,,256,248,8,0.049285872275504516,8792088,10.0527776,0.006252799999998615,0.06910616806323278,7.882208334748502
32,model.22.cv2.conv,feasible,,504,496,8,0.017202589546286617,8795840,10.0542784,0.0047519999999998674,0.06896719299399723,3.6200735577203487
32,model.22.m.0.cv1.conv,feasible,,104,96,8,0.05740845142281614,8766712,10.0426272,0.016403199999999174,0.07004610179375625,3.499832436525741
32,model.22.m.0.cv2.conv,feasible,,72,64,8,0.005828450543504005,8803608,10.0573856,0.0016447999999993357,0.06867946422592075,3.543561857676531
32,model.22.m.0.cv3.conv,rejected,ValueError: protect_CSP_chunk_width:model.22.cv1.conv,,,,,,,,,
32,model.22.m.0.m.0.cv1.conv,feasible,,128,120,8,0.10106834718681057,8792728,10.0530336,0.005996800000000135,0.06908246229449333,16.85371317816307
32,model.22.m.0.m.0.cv2.conv,feasible,,104,96,8,0.07123504564879113,8766712,10.0426272,0.016403199999999174,0.07004610179375625,4.342752978003969
32,model.22.m.0.m.1.cv1.conv,feasible,,128,120,8,0.07346546119151753,8792728,10.0530336,0.005996800000000135,0.06908246229449333,12.250777279801873
32,model.22.m.0.m.1.cv2.conv,feasible,,104,96,8,0.05790110860107234,8766712,10.0426272,0.016403199999999174,0.07004610179375625,3.529866648036679
33,model.1.conv,feasible,,64,56,8,0.35252590430900455,8777648,9.9650656,0.07249919999999932,0.07722835707762388,4.862479921281999
33,model.2.cv2.conv,feasible,,128,120,8,0.26775179627293255,8770480,9.958512,0.07905279999999948,0.0778352247573566,3.3869995278210805
33,model.3.conv,feasible,,128,120,8,0.3316289447102463,8770224,9.9719264,0.06563840000000098,0.07659304247540388,5.052361799042044
33,model.4.cv2.conv,feasible,,256,248,8,0.23322998748335522,8759472,9.9915872,0.04597760000000051,0.0747724394362057,5.072687297365514
33,model.4.m.0.cv2.conv,rejected,ValueError: protect_CSP_chunk_width:model.4.cv1.conv,,,,,,,,,
33,model.5.conv,feasible,,256,248,8,0.2536716407194035,8759984,10.0047712,0.032793599999999756,0.07355159234611841,7.735400831851502
33,model.6.cv2.conv,feasible,,256,248,8,0.1526780080894241,8738480,10.0146016,0.022963199999999517,0.07264129082651938,6.648812364540976
33,model.6.m.0.cv1.conv,feasible,,56,48,8,0.12329893329297192,8759952,10.00472,0.03284479999999945,0.07355633349986634,3.7539864238166767
33,model.6.m.0.cv2.conv,feasible,,64,56,8,0.04482214920062688,8778416,10.0342624,0.003302400000000816,0.07082068778732142,13.572598474023682
33,model.6.m.0.cv3.conv,rejected,ValueError: protect_CSP_chunk_width:model.6.cv1.conv,,,,,,,,,
33,model.6.m.0.m.0.cv1.conv,feasible,,64,56,8,0.22967953974148259,8772400,10.0246368,0.012928000000000495,0.07171202469192872,17.766053507230335
33,model.6.m.0.m.0.cv2.conv,feasible,,56,48,8,0.15977091569948243,8759952,10.00472,0.03284479999999945,0.07355633349986634,4.864420416610395
33,model.6.m.0.m.1.cv1.conv,feasible,,64,56,8,0.24963759469392244,8772400,10.0246368,0.012928000000000495,0.07171202469192872,19.309838698477172
33,model.6.m.0.m.1.cv2.conv,feasible,,56,48,8,0.1870213103684364,8759952,10.00472,0.03284479999999945,0.07355633349986634,5.6940919222659145
33,model.7.conv,feasible,,512,504,8,0.11021360519225709,8757936,10.0285472,0.009017599999999959,0.071349919074432,12.22205522447853
33,model.8.cv2.conv,feasible,,512,504,8,0.07960463270865148,8772272,10.0342816,0.0032832000000002637,0.07081890985466588,24.24605041077153
33,model.8.m.0.cv1.conv,feasible,,120,112,8,0.0589791791717289,8739472,10.0211616,0.01640320000000095,0.07203383050256829,3.5955898344058164
33,model.8.m.0.cv2.conv,feasible,,128,120,8,0.015580691699142335,8776368,10.03592,0.0016447999999993357,0.07066719293473267,9.472696801525187
33,model.8.m.0.cv3.conv,rejected,ValueError: protect_CSP_chunk_width:model.8.cv1.conv,,,,,,,,,
33,model.8.m.0.m.0.cv1.conv,feasible,,128,120,8,0.05898893894845969,8763184,10.0306464,0.006918399999999991,0.07115553177076761,8.526384561236668
33,model.8.m.0.m.0.cv2.conv,feasible,,120,112,8,0.0760148638728424,8739472,10.0211616,0.01640320000000095,0.07203383050256829,4.634148451085032
33,model.8.m.0.m.1.cv1.conv,feasible,,128,120,8,0.05229842906919657,8763184,10.0306464,0.006918399999999991,0.07115553177076761,7.559324275728006
33,model.8.m.0.m.1.cv2.conv,feasible,,120,112,8,0.07124925615062239,8739472,10.0211616,0.01640320000000095,0.07203383050256829,4.343619302978581
33,model.9.cv1.conv,feasible,,256,248,8,0.08739875936225872,8759984,10.0293568,0.008207999999999771,0.07127494958079306,10.647996998326164
33,model.9.cv2.conv,rejected,ValueError: protect_stem_attention_DFL:model.10.cv1.conv,,,,,,,,,
33,model.13.cv2.conv,feasible,,256,248,8,0.11759746192547027,8774320,10.0227424,0.014822399999999902,0.07188744738060149,7.933766591474461
33,model.13.m.0.cv1.conv,feasible,,64,56,8,0.46857728314353153,8762032,10.008048,0.029516799999999677,0.0732481585062521,15.874935058798266
33,model.16.cv2.conv,feasible,,80,72,8,0.21562627752427943,8763992,9.9762784,0.061286400000000185,0.0761900444068313,3.518338122720192
33,model.16.m.0.cv2.conv,rejected,ValueError: protect_CSP_chunk_width:model.16.cv1.conv,,,,,,,,,
33,model.17.conv,feasible,,128,120,8,0.11588363174814731,8772656,10.0250464,0.012518399999999374,0.07167409546194536,9.257064141436054
33,model.19.cv2.conv,feasible,,152,144,8,0.07400785534991883,8753240,10.0160992,0.021465600000000862,0.07250261207939313,3.447742217777088
33,model.19.m.0.cv1.conv,feasible,,64,56,8,0.266423247900093,8762032,10.008048,0.029516799999999677,0.0732481585062521,9.026156219512139
33,model.19.m.0.cv2.conv,rejected,ValueError: protect_CSP_chunk_width:model.19.cv1.conv,,,,,,,,,
33,model.20.conv,feasible,,256,248,8,0.049285872275504516,8765424,10.0315424,0.0060224000000008715,0.07107256158017927,8.183759344363938
33,model.22.cv2.conv,feasible,,504,496,8,0.017202589546286617,8768600,10.0328128,0.0047519999999998674,0.07095492170280904,3.6200735577203487
33,model.22.m.0.cv1.conv,feasible,,104,96,8,0.05740845142281614,8739472,10.0211616,0.01640320000000095,0.07203383050256829,3.4998324365253617
33,model.22.m.0.cv2.conv,feasible,,72,64,8,0.005828450543504005,8776368,10.03592,0.0016447999999993357,0.07066719293473267,3.543561857676531
33,model.22.m.0.cv3.conv,rejected,ValueError: protect_CSP_chunk_width:model.22.cv1.conv,,,,,,,,,
33,model.22.m.0.m.0.cv1.conv,feasible,,128,120,8,0.10106834718681057,8765488,10.031568,0.005996800000000135,0.07107019100330525,16.85371317816307
33,model.22.m.0.m.0.cv2.conv,feasible,,104,96,8,0.07123504564879113,8739472,10.0211616,0.01640320000000095,0.07203383050256829,4.3427529780034995
33,model.22.m.0.m.1.cv1.conv,feasible,,128,120,8,0.07346546119151753,8765488,10.031568,0.005996800000000135,0.07107019100330525,12.250777279801873
33,model.22.m.0.m.1.cv2.conv,feasible,,104,96,8,0.05790110860107234,8739472,10.0211616,0.01640320000000095,0.07203383050256829,3.529866648036297
34,model.1.conv,feasible,,64,56,8,0.35252590430900455,8767648,9.8860128,0.0724992000000011,0.08454869846439961,4.862479921281879
34,model.2.cv2.conv,feasible,,120,112,8,0.32979488992714323,8760480,9.8794592,0.07905280000000126,0.08515556614413233,4.1718305983739725
34,model.3.conv,feasible,,128,120,8,0.3316289447102463,8760800,9.89656,0.06195200000000156,0.08357202079232984,5.352998203613087
34,model.4.cv2.conv,feasible,,256,248,8,0.23322998748335522,8749472,9.9125344,0.04597760000000051,0.08209278082298133,5.072687297365514
34,model.4.m.0.cv2.conv,rejected,ValueError: protect_CSP_chunk_width:model.4.cv1.conv,,,,,,,,,
34,model.5.conv,feasible,,256,248,8,0.2536716407194035,8749984,9.9257184,0.03279360000000153,0.08087193373289414,7.7354008318510825
34,model.6.cv2.conv,feasible,,256,248,8,0.1526780080894241,8728480,9.9355488,0.022963200000001294,0.07996163221329511,6.64881236454046
34,model.6.m.0.cv1.conv,feasible,,56,48,8,0.12329893329297192,8749952,9.9256672,0.03284480000000123,0.08087667488664207,3.7539864238164737
34,model.6.m.0.cv2.conv,feasible,,64,56,8,0.04482214920062688,8768416,9.9552096,0.003302400000000816,0.07814102917409693,13.572598474023682
34,model.6.m.0.cv3.conv,rejected,ValueError: protect_CSP_chunk_width:model.6.cv1.conv,,,,,,,,,
34,model.6.m.0.m.0.cv1.conv,feasible,,64,56,8,0.22967953974148259,8762400,9.945584,0.012928000000000495,0.07903236607870434,17.766053507230335
34,model.6.m.0.m.0.cv2.conv,feasible,,56,48,8,0.15977091569948243,8749952,9.9256672,0.03284480000000123,0.08087667488664207,4.864420416610132
34,model.6.m.0.m.1.cv1.conv,feasible,,64,56,8,0.24963759469392244,8762400,9.945584,0.012928000000000495,0.07903236607870434,19.309838698477172
34,model.6.m.0.m.1.cv2.conv,feasible,,56,48,8,0.1870213103684364,8749952,9.9256672,0.03284480000000123,0.08087667488664207,5.694091922265606
34,model.7.conv,feasible,,512,504,8,0.11021360519225709,8747936,9.9494944,0.009017599999999959,0.07867026046120751,12.22205522447853
34,model.8.cv2.conv,feasible,,512,504,8,0.07960463270865148,8762272,9.9552288,0.0032832000000002637,0.0781392512414415,24.24605041077153
34,model.8.m.0.cv1.conv,feasible,,120,112,8,0.0589791791717289,8729472,9.9421088,0.01640320000000095,0.0793541718893439,3.5955898344058164
34,model.8.m.0.cv2.conv,feasible,,128,120,8,0.015580691699142335,8766368,9.9568672,0.001644800000001112,0.0779875343215084,9.472696801514957
34,model.8.m.0.cv3.conv,rejected,ValueError: protect_CSP_chunk_width:model.8.cv1.conv,,,,,,,,,
34,model.8.m.0.m.0.cv1.conv,feasible,,128,120,8,0.05898893894845969,8753184,9.9515936,0.006918399999999991,0.07847587315754312,8.526384561236668
34,model.8.m.0.m.0.cv2.conv,feasible,,120,112,8,0.0760148638728424,8729472,9.9421088,0.01640320000000095,0.0793541718893439,4.634148451085032
34,model.8.m.0.m.1.cv1.conv,feasible,,128,120,8,0.05229842906919657,8753184,9.9515936,0.006918399999999991,0.07847587315754312,7.559324275728006
34,model.8.m.0.m.1.cv2.conv,feasible,,120,112,8,0.07124925615062239,8729472,9.9421088,0.01640320000000095,0.0793541718893439,4.343619302978581
34,model.9.cv1.conv,feasible,,256,248,8,0.08739875936225872,8749984,9.950304,0.008208000000001547,0.07859529096756879,10.64799699832386
34,model.9.cv2.conv,rejected,ValueError: protect_stem_attention_DFL:model.10.cv1.conv,,,,,,,,,
34,model.13.cv2.conv,feasible,,256,248,8,0.11759746192547027,8764320,9.9436896,0.014822399999999902,0.079207788767377,7.933766591474461
34,model.13.m.0.cv1.conv,feasible,,64,56,8,0.46857728314353153,8752032,9.9289952,0.029516800000001453,0.08056849989302783,15.87493505879731
34,model.16.cv2.conv,feasible,,80,72,8,0.21562627752427943,8753992,9.8972256,0.061286400000000185,0.08351038579360692,3.518338122720192
34,model.16.m.0.cv2.conv,rejected,ValueError: protect_CSP_chunk_width:model.16.cv1.conv,,,,,,,,,
34,model.17.conv,feasible,,128,120,8,0.11588363174814731,8762656,9.9459936,0.01251840000000115,0.0789944368487211,9.257064141434741
34,model.19.cv2.conv,feasible,,152,144,8,0.07400785534991883,8743240,9.9370464,0.021465600000000862,0.07982295346616863,3.447742217777088
34,model.19.m.0.cv1.conv,feasible,,64,56,8,0.266423247900093,8752032,9.9289952,0.029516800000001453,0.08056849989302783,9.026156219511595
34,model.19.m.0.cv2.conv,rejected,ValueError: protect_CSP_chunk_width:model.19.cv1.conv,,,,,,,,,
34,model.20.conv,feasible,,256,248,8,0.049285872275504516,8755424,9.9524896,0.0060224000000008715,0.07839290296695478,8.183759344363938
34,model.22.cv2.conv,feasible,,504,496,8,0.017202589546286617,8758600,9.95376,0.0047519999999998674,0.07827526308958466,3.6200735577203487
34,model.22.m.0.cv1.conv,feasible,,104,96,8,0.05740845142281614,8729472,9.9421088,0.01640320000000095,0.0793541718893439,3.4998324365253617
34,model.22.m.0.cv2.conv,feasible,,72,64,8,0.005828450543504005,8766368,9.9568672,0.001644800000001112,0.0779875343215084,3.5435618576727044
34,model.22.m.0.cv3.conv,rejected,ValueError: protect_CSP_chunk_width:model.22.cv1.conv,,,,,,,,,
34,model.22.m.0.m.0.cv1.conv,feasible,,128,120,8,0.10106834718681057,8755488,9.9525152,0.005996800000000135,0.07839053239008076,16.85371317816307
34,model.22.m.0.m.0.cv2.conv,feasible,,104,96,8,0.07123504564879113,8729472,9.9421088,0.01640320000000095,0.0793541718893439,4.3427529780034995
34,model.22.m.0.m.1.cv1.conv,feasible,,128,120,8,0.07346546119151753,8755488,9.9525152,0.005996800000000135,0.07839053239008076,12.250777279801873
34,model.22.m.0.m.1.cv2.conv,feasible,,104,96,8,0.05790110860107234,8729472,9.9421088,0.01640320000000095,0.0793541718893439,3.529866648036297
35,model.1.conv,feasible,,64,56,8,0.35252590430900455,8740408,9.8645472,0.07249919999999932,0.08653642717321153,4.862479921281999
35,model.2.cv2.conv,feasible,,120,112,8,0.32979488992714323,8733240,9.8579936,0.07905279999999948,0.08714329485294425,4.171830598374067
35,model.3.conv,feasible,,128,120,8,0.3316289447102463,8733560,9.8750944,0.061951999999999785,0.08555974950114176,5.3529982036132395
35,model.4.cv2.conv,feasible,,256,248,8,0.23322998748335522,8722232,9.8910688,0.04597760000000051,0.08408050953179336,5.072687297365514
35,model.4.m.0.cv2.conv,rejected,ValueError: protect_CSP_chunk_width:model.4.cv1.conv,,,,,,,,,
35,model.5.conv,feasible,,256,248,8,0.2536716407194035,8722744,9.9042528,0.032793599999999756,0.08285966244170606,7.735400831851502
35,model.6.cv2.conv,feasible,,256,248,8,0.1526780080894241,8701240,9.9140832,0.022963199999999517,0.08194936092210703,6.648812364540976
35,model.6.m.0.cv1.conv,feasible,,56,48,8,0.12329893329297192,8722712,9.9042016,0.03284479999999945,0.08286440359545388,3.7539864238166767
35,model.6.m.0.cv2.conv,feasible,,64,56,8,0.04482214920062688,8741176,9.933744,0.0033023999999990394,0.08012875788290885,13.572598474030983
35,model.6.m.0.cv3.conv,rejected,ValueError: protect_CSP_chunk_width:model.6.cv1.conv,,,,,,,,,
35,model.6.m.0.m.0.cv1.conv,feasible,,64,56,8,0.22967953974148259,8735160,9.9241184,0.012928000000000495,0.08102009478751637,17.766053507230335
35,model.6.m.0.m.0.cv2.conv,feasible,,56,48,8,0.15977091569948243,8722712,9.9042016,0.03284479999999945,0.08286440359545388,4.864420416610395
35,model.6.m.0.m.1.cv1.conv,feasible,,64,56,8,0.24963759469392244,8735160,9.9241184,0.012928000000000495,0.08102009478751637,19.309838698477172
35,model.6.m.0.m.1.cv2.conv,feasible,,56,48,8,0.1870213103684364,8722712,9.9042016,0.03284479999999945,0.08286440359545388,5.6940919222659145
35,model.7.conv,feasible,,512,504,8,0.11021360519225709,8720696,9.9280288,0.009017599999999959,0.08065798917001954,12.22205522447853
35,model.8.cv2.conv,feasible,,512,504,8,0.07960463270865148,8735032,9.9337632,0.0032832000000002637,0.08012697995025353,24.24605041077153
35,model.8.m.0.cv1.conv,feasible,,120,112,8,0.0589791791717289,8702232,9.9206432,0.016403199999999174,0.08134190059815583,3.5955898344062054
35,model.8.m.0.cv2.conv,feasible,,128,120,8,0.015580691699142335,8739128,9.9354016,0.0016447999999993357,0.07997526303032021,9.472696801525187
35,model.8.m.0.cv3.conv,rejected,ValueError: protect_CSP_chunk_width:model.8.cv1.conv,,,,,,,,,
35,model.8.m.0.m.0.cv1.conv,feasible,,128,120,8,0.05898893894845969,8725944,9.930128,0.006918399999999991,0.08046360186635526,8.526384561236668
35,model.8.m.0.m.0.cv2.conv,feasible,,120,112,8,0.0760148638728424,8702232,9.9206432,0.016403199999999174,0.08134190059815583,4.634148451085534
35,model.8.m.0.m.1.cv1.conv,feasible,,128,120,8,0.05229842906919657,8725944,9.930128,0.006918399999999991,0.08046360186635526,7.559324275728006
35,model.8.m.0.m.1.cv2.conv,feasible,,120,112,8,0.07124925615062239,8702232,9.9206432,0.016403199999999174,0.08134190059815583,4.343619302979051
35,model.9.cv1.conv,feasible,,256,248,8,0.08739875936225872,8722744,9.9288384,0.008207999999999771,0.08058301967638071,10.647996998326164
35,model.9.cv2.conv,rejected,ValueError: protect_stem_attention_DFL:model.10.cv1.conv,,,,,,,,,
35,model.13.cv2.conv,feasible,,256,248,8,0.11759746192547027,8737080,9.922224,0.014822399999999902,0.08119551747618903,7.933766591474461
35,model.13.m.0.cv1.conv,feasible,,64,56,8,0.46857728314353153,8724792,9.9075296,0.029516799999999677,0.08255622860183964,15.874935058798266
35,model.16.cv2.conv,feasible,,80,72,8,0.21562627752427943,8726752,9.87576,0.061286400000000185,0.08549811450241895,3.518338122720192
35,model.16.m.0.cv2.conv,rejected,ValueError: protect_CSP_chunk_width:model.16.cv1.conv,,,,,,,,,
35,model.17.conv,feasible,,128,120,8,0.11588363174814731,8735416,9.924528,0.012518399999999374,0.08098216555753301,9.257064141436054
35,model.19.cv2.conv,feasible,,144,136,8,0.07565023158531403,8716000,9.9155808,0.021465599999999085,0.08181068217498055,3.524254229339839
35,model.19.m.0.cv1.conv,feasible,,64,56,8,0.266423247900093,8724792,9.9075296,0.029516799999999677,0.08255622860183964,9.026156219512139
35,model.19.m.0.cv2.conv,rejected,ValueError: protect_CSP_chunk_width:model.19.cv1.conv,,,,,,,,,
35,model.20.conv,feasible,,256,248,8,0.049285872275504516,8728760,9.9312544,0.005791999999999575,0.08035929648390117,8.509301152539388
35,model.22.cv2.conv,feasible,,504,496,8,0.017202589546286617,8731360,9.9322944,0.0047519999999998674,0.08026299179839669,3.6200735577203487
35,model.22.m.0.cv1.conv,feasible,,104,96,8,0.05740845142281614,8702232,9.9206432,0.016403199999999174,0.08134190059815583,3.499832436525741
35,model.22.m.0.cv2.conv,feasible,,72,64,8,0.005828450543504005,8739128,9.9354016,0.0016447999999993357,0.07997526303032021,3.543561857676531
35,model.22.m.0.cv3.conv,rejected,ValueError: protect_CSP_chunk_width:model.22.cv1.conv,,,,,,,,,
35,model.22.m.0.m.0.cv1.conv,feasible,,128,120,8,0.10106834718681057,8728248,9.9310496,0.005996800000000135,0.08037826109889279,16.85371317816307
35,model.22.m.0.m.0.cv2.conv,feasible,,104,96,8,0.07123504564879113,8702232,9.9206432,0.016403199999999174,0.08134190059815583,4.342752978003969
35,model.22.m.0.m.1.cv1.conv,feasible,,128,120,8,0.07346546119151753,8728248,9.9310496,0.005996800000000135,0.08037826109889279,12.250777279801873
35,model.22.m.0.m.1.cv2.conv,feasible,,104,96,8,0.05790110860107234,8702232,9.9206432,0.016403199999999174,0.08134190059815583,3.529866648036679
36,model.1.conv,feasible,,64,56,8,0.35252590430900455,8699400,9.848144,0.0724992000000011,0.08805537430519883,4.862479921281879
36,model.2.cv2.conv,feasible,,120,112,8,0.32979488992714323,8692232,9.8415904,0.07905280000000126,0.08866224198493156,4.1718305983739725
36,model.3.conv,feasible,,128,120,8,0.3316289447102463,8692552,9.8586912,0.061951999999999785,0.08707869663312884,5.3529982036132395
36,model.4.cv2.conv,feasible,,256,248,8,0.23322998748335522,8681224,9.8746656,0.04597760000000051,0.08559945666378055,5.072687297365514
36,model.4.m.0.cv2.conv,rejected,ValueError: protect_CSP_chunk_width:model.4.cv1.conv,,,,,,,,,
36,model.5.conv,feasible,,256,248,8,0.2536716407194035,8681736,9.8878496,0.03279360000000153,0.08437860957369336,7.7354008318510825
36,model.6.cv2.conv,feasible,,256,248,8,0.1526780080894241,8660232,9.89768,0.022963200000001294,0.08346830805409433,6.64881236454046
36,model.6.m.0.cv1.conv,feasible,,56,48,8,0.12329893329297192,8681704,9.8877984,0.03284480000000123,0.08438335072744119,3.7539864238164737
36,model.6.m.0.cv2.conv,feasible,,64,56,8,0.04482214920062688,8700168,9.9173408,0.003302400000000816,0.08164770501489615,13.572598474023682
36,model.6.m.0.cv3.conv,rejected,ValueError: protect_CSP_chunk_width:model.6.cv1.conv,,,,,,,,,
36,model.6.m.0.m.0.cv1.conv,feasible,,64,56,8,0.22967953974148259,8694152,9.9077152,0.012928000000000495,0.08253904191950356,17.766053507230335
36,model.6.m.0.m.0.cv2.conv,feasible,,56,48,8,0.15977091569948243,8681704,9.8877984,0.03284480000000123,0.08438335072744119,4.864420416610132
36,model.6.m.0.m.1.cv1.conv,feasible,,64,56,8,0.24963759469392244,8694152,9.9077152,0.012928000000000495,0.08253904191950356,19.309838698477172
36,model.6.m.0.m.1.cv2.conv,feasible,,56,48,8,0.1870213103684364,8681704,9.8877984,0.03284480000000123,0.08438335072744119,5.694091922265606
36,model.7.conv,feasible,,512,504,8,0.11021360519225709,8679688,9.9116256,0.009017599999999959,0.08217693630200673,12.22205522447853
36,model.8.cv2.conv,feasible,,512,504,8,0.07960463270865148,8694024,9.91736,0.0032832000000002637,0.08164592708224061,24.24605041077153
36,model.8.m.0.cv1.conv,feasible,,120,112,8,0.0589791791717289,8661224,9.90424,0.01640320000000095,0.08286084773014302,3.5955898344058164
36,model.8.m.0.cv2.conv,feasible,,128,120,8,0.015580691699142335,8698120,9.9189984,0.001644800000001112,0.08149421016230751,9.472696801514957
36,model.8.m.0.cv3.conv,rejected,ValueError: protect_CSP_chunk_width:model.8.cv1.conv,,,,,,,,,
36,model.8.m.0.m.0.cv1.conv,feasible,,128,120,8,0.05898893894845969,8684936,9.9137248,0.006918399999999991,0.08198254899834234,8.526384561236668
36,model.8.m.0.m.0.cv2.conv,feasible,,120,112,8,0.0760148638728424,8661224,9.90424,0.01640320000000095,0.08286084773014302,4.634148451085032
36,model.8.m.0.m.1.cv1.conv,feasible,,128,120,8,0.05229842906919657,8684936,9.9137248,0.006918399999999991,0.08198254899834234,7.559324275728006
36,model.8.m.0.m.1.cv2.conv,feasible,,120,112,8,0.07124925615062239,8661224,9.90424,0.01640320000000095,0.08286084773014302,4.343619302978581
36,model.9.cv1.conv,feasible,,256,248,8,0.08739875936225872,8681736,9.9124352,0.008208000000001547,0.08210196680836801,10.64799699832386
36,model.9.cv2.conv,rejected,ValueError: protect_stem_attention_DFL:model.10.cv1.conv,,,,,,,,,
36,model.13.cv2.conv,feasible,,256,248,8,0.11759746192547027,8696072,9.9058208,0.014822399999999902,0.08271446460817622,7.933766591474461
36,model.13.m.0.cv1.conv,feasible,,64,56,8,0.46857728314353153,8683784,9.8911264,0.029516800000001453,0.08407517573382695,15.87493505879731
36,model.16.cv2.conv,feasible,,80,72,8,0.21562627752427943,8685744,9.8593568,0.061286400000000185,0.08701706163440603,3.518338122720192
36,model.16.m.0.cv2.conv,rejected,ValueError: protect_CSP_chunk_width:model.16.cv1.conv,,,,,,,,,
36,model.17.conv,feasible,,128,120,8,0.11588363174814731,8694408,9.9081248,0.01251840000000115,0.08250111268952032,9.257064141434741
36,model.19.cv2.conv,feasible,,144,136,8,0.07565023158531403,8674992,9.8991776,0.021465600000000862,0.08332962930696786,3.524254229339548
36,model.19.m.0.cv1.conv,feasible,,64,56,8,0.266423247900093,8683784,9.8911264,0.029516800000001453,0.08407517573382695,9.026156219511595
36,model.19.m.0.cv2.conv,rejected,ValueError: protect_CSP_chunk_width:model.19.cv1.conv,,,,,,,,,
36,model.20.conv,feasible,,256,248,8,0.049285872275504516,8687752,9.9148512,0.005792000000001352,0.08187824361588836,8.509301152536777
36,model.22.cv2.conv,feasible,,504,496,8,0.017202589546286617,8690352,9.9158912,0.0047519999999998674,0.08178193893038377,3.6200735577203487
36,model.22.m.0.cv1.conv,feasible,,96,88,8,0.06119180190944462,8661224,9.90424,0.01640320000000095,0.08286084773014302,3.7304795350566398
36,model.22.m.0.cv2.conv,feasible,,72,64,8,0.005828450543504005,8698120,9.9189984,0.001644800000001112,0.08149421016230751,3.5435618576727044
36,model.22.m.0.cv3.conv,rejected,ValueError: protect_CSP_chunk_width:model.22.cv1.conv,,,,,,,,,
36,model.22.m.0.m.0.cv1.conv,feasible,,128,120,8,0.10106834718681057,8688392,9.9151072,0.005536000000001096,0.0818545378471488,18.25656560455032
36,model.22.m.0.m.0.cv2.conv,feasible,,96,88,8,0.07123504564879113,8661224,9.90424,0.01640320000000095,0.08286084773014302,4.3427529780034995
36,model.22.m.0.m.1.cv1.conv,feasible,,128,120,8,0.07346546119151753,8688392,9.9151072,0.005536000000001096,0.0818545378471488,13.270495157424675
36,model.22.m.0.m.1.cv2.conv,feasible,,96,88,8,0.05790110860107234,8661224,9.90424,0.01640320000000095,0.08286084773014302,3.529866648036297
37,model.1.conv,feasible,,64,56,8,0.35252590430900455,8682912,9.7868576,0.0724992000000011,0.09373053534144904,4.862479921281879
37,model.2.cv2.conv,feasible,,120,112,8,0.32979488992714323,8675744,9.780304,0.07905280000000126,0.09433740302118176,4.1718305983739725
37,model.3.conv,feasible,,128,120,8,0.3316289447102463,8676064,9.7974048,0.061951999999999785,0.09275385766937916,5.3529982036132395
37,model.4.cv2.conv,feasible,,256,248,8,0.23322998748335522,8664736,9.8133792,0.04597760000000051,0.09127461770003076,5.072687297365514
37,model.4.m.0.cv2.conv,rejected,ValueError: protect_CSP_chunk_width:model.4.cv1.conv,,,,,,,,,
37,model.5.conv,feasible,,256,248,8,0.2536716407194035,8665248,9.8265632,0.032793599999999756,0.09005377060994346,7.735400831851502
37,model.6.cv2.conv,feasible,,256,248,8,0.1526780080894241,8643744,9.8363936,0.022963200000001294,0.08914346909034454,6.64881236454046
37,model.6.m.0.cv1.conv,feasible,,56,48,8,0.12329893329297192,8665216,9.826512,0.03284480000000123,0.0900585117636915,3.7539864238164737
37,model.6.m.0.cv2.conv,feasible,,64,56,8,0.04482214920062688,8683680,9.8560544,0.003302400000000816,0.08732286605114647,13.572598474023682
37,model.6.m.0.cv3.conv,rejected,ValueError: protect_CSP_chunk_width:model.6.cv1.conv,,,,,,,,,
37,model.6.m.0.m.0.cv1.conv,feasible,,64,56,8,0.22967953974148259,8677664,9.8464288,0.012928000000000495,0.08821420295575377,17.766053507230335
37,model.6.m.0.m.0.cv2.conv,feasible,,56,48,8,0.15977091569948243,8665216,9.826512,0.03284480000000123,0.0900585117636915,4.864420416610132
37,model.6.m.0.m.1.cv1.conv,feasible,,64,56,8,0.24963759469392244,8677664,9.8464288,0.012928000000000495,0.08821420295575377,19.309838698477172
37,model.6.m.0.m.1.cv2.conv,feasible,,56,48,8,0.1870213103684364,8665216,9.826512,0.03284480000000123,0.0900585117636915,5.694091922265606
37,model.7.conv,feasible,,512,504,8,0.11021360519225709,8663200,9.8503392,0.009017599999999959,0.08785209733825705,12.22205522447853
37,model.8.cv2.conv,feasible,,512,504,8,0.07960463270865148,8677536,9.8560736,0.0032832000000002637,0.08732108811849093,24.24605041077153
37,model.8.m.0.cv1.conv,feasible,,120,112,8,0.0589791791717289,8644736,9.8429536,0.01640320000000095,0.08853600876639334,3.5955898344058164
37,model.8.m.0.cv2.conv,feasible,,128,120,8,0.015580691699142335,8681632,9.857712,0.001644800000001112,0.08716937119855783,9.472696801514957
37,model.8.m.0.cv3.conv,rejected,ValueError: protect_CSP_chunk_width:model.8.cv1.conv,,,,,,,,,
37,model.8.m.0.m.0.cv1.conv,feasible,,128,120,8,0.05898893894845969,8668448,9.8524384,0.006918399999999991,0.08765771003459266,8.526384561236668
37,model.8.m.0.m.0.cv2.conv,feasible,,120,112,8,0.0760148638728424,8644736,9.8429536,0.01640320000000095,0.08853600876639334,4.634148451085032
37,model.8.m.0.m.1.cv1.conv,feasible,,128,120,8,0.05229842906919657,8668448,9.8524384,0.006918399999999991,0.08765771003459266,7.559324275728006
37,model.8.m.0.m.1.cv2.conv,feasible,,120,112,8,0.07124925615062239,8644736,9.8429536,0.01640320000000095,0.08853600876639334,4.343619302978581
37,model.9.cv1.conv,feasible,,256,248,8,0.08739875936225872,8665248,9.8511488,0.008207999999999771,0.08777712784461811,10.647996998326164
37,model.9.cv2.conv,rejected,ValueError: protect_stem_attention_DFL:model.10.cv1.conv,,,,,,,,,
37,model.13.cv2.conv,feasible,,256,248,8,0.11759746192547027,8679584,9.8445344,0.014822399999999902,0.08838962564442643,7.933766591474461
37,model.13.m.0.cv1.conv,feasible,,64,56,8,0.46857728314353153,8667296,9.82984,0.029516799999999677,0.08975033677007715,15.874935058798266
37,model.16.cv2.conv,feasible,,72,64,8,0.22428947647858877,8669256,9.7980704,0.061286400000000185,0.09269222267065635,3.6596940998098777
37,model.16.m.0.cv2.conv,rejected,ValueError: protect_CSP_chunk_width:model.16.cv1.conv,,,,,,,,,
37,model.17.conv,feasible,,128,120,8,0.11588363174814731,8678496,9.84776,0.011596800000001295,0.08809093295830817,9.992724867906178
37,model.19.cv2.conv,feasible,,144,136,8,0.07565023158531403,8658504,9.8378912,0.021465600000000862,0.08900479034321807,3.524254229339548
37,model.19.m.0.cv1.conv,feasible,,64,56,8,0.266423247900093,8667296,9.82984,0.029516799999999677,0.08975033677007715,9.026156219512139
37,model.19.m.0.cv2.conv,rejected,ValueError: protect_CSP_chunk_width:model.19.cv1.conv,,,,,,,,,
37,model.20.conv,feasible,,256,248,8,0.049285872275504516,8671264,9.8535648,0.005792000000001352,0.08755340465213868,8.509301152536777
37,model.22.cv2.conv,feasible,,504,496,8,0.017202589546286617,8673864,9.8546048,0.0047519999999998674,0.08745709996663409,3.6200735577203487
37,model.22.m.0.cv1.conv,feasible,,96,88,8,0.06119180190944462,8644736,9.8429536,0.01640320000000095,0.08853600876639334,3.7304795350566398
37,model.22.m.0.cv2.conv,feasible,,72,64,8,0.005828450543504005,8681632,9.857712,0.001644800000001112,0.08716937119855783,3.5435618576727044
37,model.22.m.0.cv3.conv,rejected,ValueError: protect_CSP_chunk_width:model.22.cv1.conv,,,,,,,,,
37,model.22.m.0.m.0.cv1.conv,feasible,,128,120,8,0.10106834718681057,8671904,9.8538208,0.005536000000001096,0.08752969888339912,18.25656560455032
37,model.22.m.0.m.0.cv2.conv,feasible,,96,88,8,0.07123504564879113,8644736,9.8429536,0.01640320000000095,0.08853600876639334,4.3427529780034995
37,model.22.m.0.m.1.cv1.conv,feasible,,128,120,8,0.07346546119151753,8671904,9.8538208,0.005536000000001096,0.08752969888339912,13.270495157424675
37,model.22.m.0.m.1.cv2.conv,feasible,,96,88,8,0.05790110860107234,8644736,9.8429536,0.01640320000000095,0.08853600876639334,3.529866648036297
38,model.1.conv,feasible,,64,56,8,0.35252590430900455,8655672,9.765392,0.07249919999999932,0.09571826405026096,4.862479921281999
38,model.2.cv2.conv,feasible,,120,112,8,0.32979488992714323,8648504,9.7588384,0.07905279999999948,0.09632513172999368,4.171830598374067
38,model.3.conv,feasible,,128,120,8,0.3316289447102463,8648824,9.7759392,0.061951999999999785,0.09474158637819119,5.3529982036132395
38,model.4.cv2.conv,feasible,,256,248,8,0.23322998748335522,8637496,9.7919136,0.04597759999999873,0.09326234640884268,5.07268729736571
38,model.4.m.0.cv2.conv,rejected,ValueError: protect_CSP_chunk_width:model.4.cv1.conv,,,,,,,,,
38,model.5.conv,feasible,,256,248,8,0.2536716407194035,8638008,9.8050976,0.032793599999999756,0.0920414993187555,7.735400831851502
38,model.6.cv2.conv,feasible,,256,248,8,0.1526780080894241,8616504,9.814928,0.022963199999999517,0.09113119779915646,6.648812364540976
38,model.6.m.0.cv1.conv,feasible,,56,48,8,0.12329893329297192,8637976,9.8050464,0.03284479999999945,0.09204624047250343,3.7539864238166767
38,model.6.m.0.cv2.conv,feasible,,64,56,8,0.04482214920062688,8656440,9.8345888,0.0033023999999990394,0.08931059475995828,13.572598474030983
38,model.6.m.0.cv3.conv,rejected,ValueError: protect_CSP_chunk_width:model.6.cv1.conv,,,,,,,,,
38,model.6.m.0.m.0.cv1.conv,feasible,,64,56,8,0.22967953974148259,8650424,9.8249632,0.012928000000000495,0.0902019316645658,17.766053507230335
38,model.6.m.0.m.0.cv2.conv,feasible,,56,48,8,0.15977091569948243,8637976,9.8050464,0.03284479999999945,0.09204624047250343,4.864420416610395
38,model.6.m.0.m.1.cv1.conv,feasible,,64,56,8,0.24963759469392244,8650424,9.8249632,0.012928000000000495,0.0902019316645658,19.309838698477172
38,model.6.m.0.m.1.cv2.conv,feasible,,56,48,8,0.1870213103684364,8637976,9.8050464,0.03284479999999945,0.09204624047250343,5.6940919222659145
38,model.7.conv,feasible,,512,504,8,0.11021360519225709,8635960,9.8288736,0.009017599999999959,0.08983982604706908,12.22205522447853
38,model.8.cv2.conv,feasible,,512,504,8,0.07960463270865148,8650296,9.834608,0.0032832000000002637,0.08930881682730296,24.24605041077153
38,model.8.m.0.cv1.conv,feasible,,120,112,8,0.0589791791717289,8617496,9.821488,0.016403199999999174,0.09052373747520526,3.5955898344062054
38,model.8.m.0.cv2.conv,feasible,,128,120,8,0.015580691699142335,8654392,9.8362464,0.0016447999999993357,0.08915709990736975,9.472696801525187
38,model.8.m.0.cv3.conv,rejected,ValueError: protect_CSP_chunk_width:model.8.cv1.conv,,,,,,,,,
38,model.8.m.0.m.0.cv1.conv,feasible,,128,120,8,0.05898893894845969,8641208,9.8309728,0.006918399999999991,0.08964543874340469,8.526384561236668
38,model.8.m.0.m.0.cv2.conv,feasible,,120,112,8,0.0760148638728424,8617496,9.821488,0.016403199999999174,0.09052373747520526,4.634148451085534
38,model.8.m.0.m.1.cv1.conv,feasible,,128,120,8,0.05229842906919657,8641208,9.8309728,0.006918399999999991,0.08964543874340469,7.559324275728006
38,model.8.m.0.m.1.cv2.conv,feasible,,120,112,8,0.07124925615062239,8617496,9.821488,0.016403199999999174,0.09052373747520526,4.343619302979051
38,model.9.cv1.conv,feasible,,256,248,8,0.08739875936225872,8638008,9.8296832,0.008207999999999771,0.08976485655343014,10.647996998326164
38,model.9.cv2.conv,rejected,ValueError: protect_stem_attention_DFL:model.10.cv1.conv,,,,,,,,,
38,model.13.cv2.conv,feasible,,256,248,8,0.11759746192547027,8652344,9.8230688,0.014822399999999902,0.09037735435323857,7.933766591474461
38,model.13.m.0.cv1.conv,feasible,,64,56,8,0.46857728314353153,8640056,9.8083744,0.029516799999999677,0.09173806547888919,15.874935058798266
38,model.16.cv2.conv,feasible,,72,64,8,0.22428947647858877,8642016,9.7766048,0.061286400000000185,0.09467995137946839,3.6596940998098777
38,model.16.m.0.cv2.conv,rejected,ValueError: protect_CSP_chunk_width:model.16.cv1.conv,,,,,,,,,
38,model.17.conv,feasible,,128,120,8,0.11588363174814731,8651256,9.8262944,0.011596799999999519,0.09007866166712009,9.99272486790771
38,model.19.cv2.conv,feasible,,136,128,8,0.07760873786901357,8631264,9.8164256,0.021465599999999085,0.09099251905202999,3.615493527738189
38,model.19.m.0.cv1.conv,feasible,,64,56,8,0.266423247900093,8640056,9.8083744,0.029516799999999677,0.09173806547888919,9.026156219512139
38,model.19.m.0.cv2.conv,rejected,ValueError: protect_CSP_chunk_width:model.19.cv1.conv,,,,,,,,,
38,model.20.conv,feasible,,256,248,8,0.049285872275504516,8644600,9.8323296,0.005561600000000055,0.08951979816908506,8.861815354485046
38,model.22.cv2.conv,feasible,,504,496,8,0.017202589546286617,8646624,9.8331392,0.0047519999999998674,0.08944482867544612,3.6200735577203487
38,model.22.m.0.cv1.conv,feasible,,96,88,8,0.06119180190944462,8617496,9.821488,0.016403199999999174,0.09052373747520526,3.730479535057044
38,model.22.m.0.cv2.conv,feasible,,72,64,8,0.005828450543504005,8654392,9.8362464,0.0016447999999993357,0.08915709990736975,3.543561857676531
38,model.22.m.0.cv3.conv,rejected,ValueError: protect_CSP_chunk_width:model.22.cv1.conv,,,,,,,,,
38,model.22.m.0.m.0.cv1.conv,feasible,,128,120,8,0.10106834718681057,8644664,9.8323552,0.005535999999999319,0.08951742759221104,18.256565604556176
38,model.22.m.0.m.0.cv2.conv,feasible,,96,88,8,0.07123504564879113,8617496,9.821488,0.016403199999999174,0.09052373747520526,4.342752978003969
38,model.22.m.0.m.1.cv1.conv,feasible,,128,120,8,0.07346546119151753,8644664,9.8323552,0.005535999999999319,0.08951742759221104,13.270495157428932
38,model.22.m.0.m.1.cv2.conv,feasible,,96,88,8,0.05790110860107234,8617496,9.821488,0.016403199999999174,0.09052373747520526,3.529866648036679
39,model.1.conv,feasible,,64,56,8,0.35252590430900455,8614664,9.7489888,0.0724992000000011,0.09723721118224826,4.862479921281879
39,model.2.cv2.conv,feasible,,120,112,8,0.32979488992714323,8607496,9.7424352,0.07905280000000126,0.09784407886198099,4.1718305983739725
39,model.3.conv,feasible,,128,120,8,0.3316289447102463,8607816,9.759536,0.061951999999999785,0.09626053351017838,5.3529982036132395
39,model.4.cv2.conv,feasible,,256,248,8,0.23322998748335522,8596488,9.7755104,0.04597760000000051,0.09478129354082998,5.072687297365514
39,model.4.m.0.cv2.conv,rejected,ValueError: protect_CSP_chunk_width:model.4.cv1.conv,,,,,,,,,
39,model.5.conv,feasible,,256,248,8,0.2536716407194035,8597000,9.7886944,0.032793599999999756,0.09356044645074268,7.735400831851502
39,model.6.cv2.conv,feasible,,256,248,8,0.1526780080894241,8575496,9.7985248,0.022963200000001294,0.09265014493114376,6.64881236454046
39,model.6.m.0.cv1.conv,feasible,,56,48,8,0.12329893329297192,8596968,9.7886432,0.03284480000000123,0.09356518760449073,3.7539864238164737
39,model.6.m.0.cv2.conv,feasible,,64,56,8,0.04482214920062688,8615432,9.8181856,0.003302400000000816,0.09082954189194559,13.572598474023682
39,model.6.m.0.cv3.conv,rejected,ValueError: protect_CSP_chunk_width:model.6.cv1.conv,,,,,,,,,
39,model.6.m.0.m.0.cv1.conv,feasible,,64,56,8,0.22967953974148259,8609416,9.80856,0.012928000000000495,0.091720878796553,17.766053507230335
39,model.6.m.0.m.0.cv2.conv,feasible,,56,48,8,0.15977091569948243,8596968,9.7886432,0.03284480000000123,0.09356518760449073,4.864420416610132
39,model.6.m.0.m.1.cv1.conv,feasible,,64,56,8,0.24963759469392244,8609416,9.80856,0.012928000000000495,0.091720878796553,19.309838698477172
39,model.6.m.0.m.1.cv2.conv,feasible,,56,48,8,0.1870213103684364,8596968,9.7886432,0.03284480000000123,0.09356518760449073,5.694091922265606
39,model.7.conv,feasible,,512,504,8,0.11021360519225709,8594952,9.8124704,0.009017599999999959,0.09135877317905616,12.22205522447853
39,model.8.cv2.conv,feasible,,512,504,8,0.07960463270865148,8609288,9.8182048,0.0032832000000002637,0.09082776395929004,24.24605041077153
39,model.8.m.0.cv1.conv,feasible,,120,112,8,0.0589791791717289,8576488,9.8050848,0.01640320000000095,0.09204268460719256,3.5955898344058164
39,model.8.m.0.cv2.conv,feasible,,128,120,8,0.015580691699142335,8613384,9.8198432,0.001644800000001112,0.09067604703935694,9.472696801514957
39,model.8.m.0.cv3.conv,rejected,ValueError: protect_CSP_chunk_width:model.8.cv1.conv,,,,,,,,,
39,model.8.m.0.m.0.cv1.conv,feasible,,128,120,8,0.05898893894845969,8600200,9.8145696,0.006918399999999991,0.09116438587539177,8.526384561236668
39,model.8.m.0.m.0.cv2.conv,feasible,,120,112,8,0.0760148638728424,8576488,9.8050848,0.01640320000000095,0.09204268460719256,4.634148451085032
39,model.8.m.0.m.1.cv1.conv,feasible,,128,120,8,0.05229842906919657,8600200,9.8145696,0.006918399999999991,0.09116438587539177,7.559324275728006
39,model.8.m.0.m.1.cv2.conv,feasible,,120,112,8,0.07124925615062239,8576488,9.8050848,0.01640320000000095,0.09204268460719256,4.343619302978581
39,model.9.cv1.conv,feasible,,256,248,8,0.08739875936225872,8597000,9.81328,0.008207999999999771,0.09128380368541733,10.647996998326164
39,model.9.cv2.conv,rejected,ValueError: protect_stem_attention_DFL:model.10.cv1.conv,,,,,,,,,
39,model.13.cv2.conv,feasible,,256,248,8,0.11759746192547027,8611336,9.8066656,0.014822399999999902,0.09189630148522565,7.933766591474461
39,model.13.m.0.cv1.conv,feasible,,64,56,8,0.46857728314353153,8599048,9.7919712,0.029516799999999677,0.09325701261087627,15.874935058798266
39,model.16.cv2.conv,feasible,,72,64,8,0.22428947647858877,8601008,9.7602016,0.061286400000000185,0.09619889851145547,3.6596940998098777
39,model.16.m.0.cv2.conv,rejected,ValueError: protect_CSP_chunk_width:model.16.cv1.conv,,,,,,,,,
39,model.17.conv,feasible,,128,120,8,0.11588363174814731,8610248,9.8098912,0.011596800000001295,0.09159760879910739,9.992724867906178
39,model.19.cv2.conv,feasible,,136,128,8,0.07760873786901357,8590256,9.8000224,0.021465600000000862,0.09251146618401729,3.61549352773789
39,model.19.m.0.cv1.conv,feasible,,64,56,8,0.266423247900093,8599048,9.7919712,0.029516799999999677,0.09325701261087627,9.026156219512139
39,model.19.m.0.cv2.conv,rejected,ValueError: protect_CSP_chunk_width:model.19.cv1.conv,,,,,,,,,
39,model.20.conv,feasible,,256,248,8,0.049285872275504516,8603592,9.8159264,0.005561600000000055,0.09103874530107214,8.861815354485046
39,model.22.cv2.conv,feasible,,504,496,8,0.017202589546286617,8605616,9.816736,0.0047519999999998674,0.09096377580743331,3.6200735577203487
39,model.22.m.0.cv1.conv,feasible,,88,80,8,0.06165127120402758,8576488,9.8050848,0.01640320000000095,0.09204268460719256,3.7584904899058724
39,model.22.m.0.cv2.conv,feasible,,72,64,8,0.005828450543504005,8613384,9.8198432,0.001644800000001112,0.09067604703935694,3.5435618576727044
39,model.22.m.0.cv3.conv,rejected,ValueError: protect_CSP_chunk_width:model.22.cv1.conv,,,,,,,,,
39,model.22.m.0.m.0.cv1.conv,feasible,,128,120,8,0.10106834718681057,8604808,9.8164128,0.0050752000000002795,0.09099370434046705,19.9141604639827
39,model.22.m.0.m.0.cv2.conv,feasible,,88,80,8,0.07123504564879113,8576488,9.8050848,0.01640320000000095,0.09204268460719256,4.3427529780034995
39,model.22.m.0.m.1.cv1.conv,feasible,,128,120,8,0.07346546119151753,8604808,9.8164128,0.0050752000000002795,0.09099370434046705,14.475382485717507
39,model.22.m.0.m.1.cv2.conv,feasible,,88,80,8,0.06338894702639664,8576488,9.8050848,0.01640320000000095,0.09204268460719256,3.864425662455677
40,model.1.conv,feasible,,64,56,8,0.35252590430900455,8610552,9.747344,0.07249919999999932,0.09738952074639984,4.862479921281999
40,model.2.cv2.conv,feasible,,120,112,8,0.32979488992714323,8603384,9.7407904,0.07905279999999948,0.09799638842613256,4.171830598374067
40,model.3.conv,feasible,,128,120,8,0.3316289447102463,8603704,9.7578912,0.061951999999999785,0.09641284307433007,5.3529982036132395
40,model.4.cv2.conv,feasible,,256,248,8,0.23322998748335522,8592376,9.7738656,0.04597759999999873,0.09493360310498156,5.07268729736571
40,model.4.m.0.cv2.conv,rejected,ValueError: protect_CSP_chunk_width:model.4.cv1.conv,,,,,,,,,
40,model.5.conv,feasible,,256,248,8,0.2536716407194035,8592888,9.7870496,0.032793599999999756,0.09371275601489437,7.735400831851502
40,model.6.cv2.conv,feasible,,256,248,8,0.1526780080894241,8571384,9.79688,0.022963199999999517,0.09280245449529534,6.648812364540976
40,model.6.m.0.cv1.conv,feasible,,56,48,8,0.12329893329297192,8592856,9.7869984,0.03284479999999945,0.0937174971686423,3.7539864238166767
40,model.6.m.0.cv2.conv,feasible,,64,56,8,0.04482214920062688,8611320,9.8165408,0.0033023999999990394,0.09098185145609716,13.572598474030983
40,model.6.m.0.cv3.conv,rejected,ValueError: protect_CSP_chunk_width:model.6.cv1.conv,,,,,,,,,
40,model.6.m.0.m.0.cv1.conv,feasible,,64,56,8,0.22967953974148259,8605304,9.8069152,0.012927999999998718,0.09187318836070457,17.76605350723278
40,model.6.m.0.m.0.cv2.conv,feasible,,56,48,8,0.15977091569948243,8592856,9.7869984,0.03284479999999945,0.0937174971686423,4.864420416610395
40,model.6.m.0.m.1.cv1.conv,feasible,,64,56,8,0.24963759469392244,8605304,9.8069152,0.012927999999998718,0.09187318836070457,19.309838698479826
40,model.6.m.0.m.1.cv2.conv,feasible,,56,48,8,0.1870213103684364,8592856,9.7869984,0.03284479999999945,0.0937174971686423,5.6940919222659145
40,model.7.conv,feasible,,512,504,8,0.11021360519225709,8590840,9.8108256,0.009017599999999959,0.09151108274320796,12.22205522447853
40,model.8.cv2.conv,feasible,,512,504,8,0.07960463270865148,8605176,9.81656,0.0032831999999984873,0.09098007352344173,24.246050410784648
40,model.8.m.0.cv1.conv,feasible,,120,112,8,0.0589791791717289,8572376,9.80344,0.016403199999999174,0.09219499417134414,3.5955898344062054
40,model.8.m.0.cv2.conv,feasible,,128,120,8,0.015580691699142335,8609272,9.8181984,0.0016447999999993357,0.09082835660350863,9.472696801525187
40,model.8.m.0.cv3.conv,rejected,ValueError: protect_CSP_chunk_width:model.8.cv1.conv,,,,,,,,,
40,model.8.m.0.m.0.cv1.conv,feasible,,128,120,8,0.05898893894845969,8596088,9.8129248,0.006918399999999991,0.09131669543954357,8.526384561236668
40,model.8.m.0.m.0.cv2.conv,feasible,,120,112,8,0.0760148638728424,8572376,9.80344,0.016403199999999174,0.09219499417134414,4.634148451085534
40,model.8.m.0.m.1.cv1.conv,feasible,,128,120,8,0.05229842906919657,8596088,9.8129248,0.006918399999999991,0.09131669543954357,7.559324275728006
40,model.8.m.0.m.1.cv2.conv,feasible,,120,112,8,0.07124925615062239,8572376,9.80344,0.016403199999999174,0.09219499417134414,4.343619302979051
40,model.9.cv1.conv,feasible,,256,248,8,0.08739875936225872,8592888,9.8116352,0.008207999999999771,0.09143611324956902,10.647996998326164
40,model.9.cv2.conv,rejected,ValueError: protect_stem_attention_DFL:model.10.cv1.conv,,,,,,,,,
40,model.13.cv2.conv,feasible,,256,248,8,0.11759746192547027,8607224,9.8050208,0.014822399999999902,0.09204861104937745,7.933766591474461
40,model.13.m.0.cv1.conv,feasible,,64,56,8,0.46857728314353153,8594936,9.7903264,0.029516799999999677,0.09340932217502806,15.874935058798266
40,model.16.cv2.conv,feasible,,72,64,8,0.22428947647858877,8596896,9.7585568,0.061286400000000185,0.09635120807560726,3.6596940998098777
40,model.16.m.0.cv2.conv,rejected,ValueError: protect_CSP_chunk_width:model.16.cv1.conv,,,,,,,,,
40,model.17.conv,feasible,,128,120,8,0.11588363174814731,8606136,9.8082464,0.011596799999999519,0.09174991836325896,9.99272486790771
40,model.19.cv2.conv,feasible,,136,128,8,0.07760873786901357,8586144,9.7983776,0.021465599999999085,0.09266377574816886,3.615493527738189
40,model.19.m.0.cv1.conv,feasible,,64,56,8,0.266423247900093,8594936,9.7903264,0.029516799999999677,0.09340932217502806,9.026156219512139
40,model.19.m.0.cv2.conv,rejected,ValueError: protect_CSP_chunk_width:model.19.cv1.conv,,,,,,,,,
40,model.20.conv,feasible,,256,248,8,0.049285872275504516,8599480,9.8142816,0.005561600000000055,0.09119105486522394,8.861815354485046
40,model.22.cv2.conv,feasible,,504,496,8,0.017202589546286617,8601504,9.8150912,0.0047519999999998674,0.091116085371585,3.6200735577203487
40,model.22.m.0.cv1.conv,feasible,,88,80,8,0.06165127120402758,8572376,9.80344,0.016403199999999174,0.09219499417134414,3.7584904899062797
40,model.22.m.0.cv2.conv,unavailable,minimum_width_reached,,,,,,,,,
40,model.22.m.0.cv3.conv,rejected,ValueError: protect_CSP_chunk_width:model.22.cv1.conv,,,,,,,,,
40,model.22.m.0.m.0.cv1.conv,feasible,,128,120,8,0.10106834718681057,8600696,9.814768,0.005075199999998503,0.09114601390461863,19.91416046398967
40,model.22.m.0.m.0.cv2.conv,feasible,,88,80,8,0.07123504564879113,8572376,9.80344,0.016403199999999174,0.09219499417134414,4.342752978003969
40,model.22.m.0.m.1.cv1.conv,feasible,,128,120,8,0.07346546119151753,8600696,9.814768,0.005075199999998503,0.09114601390461863,14.475382485722573
40,model.22.m.0.m.1.cv2.conv,feasible,,88,80,8,0.06338894702639664,8572376,9.80344,0.016403199999999174,0.09219499417134414,3.8644256624560955
41,model.1.conv,feasible,,64,56,8,0.35252590430900455,8569544,9.7309408,0.07249919999999932,0.09890846787838703,4.862479921281999
41,model.2.cv2.conv,feasible,,120,112,8,0.32979488992714323,8562376,9.7243872,0.07905279999999948,0.09951533555811964,4.171830598374067
41,model.3.conv,feasible,,128,120,8,0.3316289447102463,8562696,9.741488,0.061951999999999785,0.09793179020631726,5.3529982036132395
41,model.4.cv2.conv,feasible,,256,248,8,0.23322998748335522,8551368,9.7574624,0.04597760000000051,0.09645255023696886,5.072687297365514
41,model.4.m.0.cv2.conv,rejected,ValueError: protect_CSP_chunk_width:model.4.cv1.conv,,,,,,,,,
41,model.5.conv,feasible,,256,248,8,0.2536716407194035,8551880,9.7706464,0.032793599999999756,0.09523170314688156,7.735400831851502
41,model.6.cv2.conv,feasible,,256,248,8,0.1526780080894241,8530376,9.7804768,0.022963199999999517,0.09432140162728242,6.648812364540976
41,model.6.m.0.cv1.conv,feasible,,56,48,8,0.12329893329297192,8551848,9.7705952,0.03284479999999945,0.09523644430062939,3.7539864238166767
41,model.6.m.0.cv2.conv,feasible,,64,56,8,0.04482214920062688,8570312,9.8001376,0.003302400000000816,0.09250079858808447,13.572598474023682
41,model.6.m.0.cv3.conv,rejected,ValueError: protect_CSP_chunk_width:model.6.cv1.conv,,,,,,,,,
41,model.6.m.0.m.0.cv1.conv,feasible,,64,56,8,0.22967953974148259,8564296,9.790512,0.012928000000000495,0.09339213549269187,17.766053507230335
41,model.6.m.0.m.0.cv2.conv,feasible,,56,48,8,0.15977091569948243,8551848,9.7705952,0.03284479999999945,0.09523644430062939,4.864420416610395
41,model.6.m.0.m.1.cv1.conv,feasible,,64,56,8,0.24963759469392244,8564296,9.790512,0.012928000000000495,0.09339213549269187,19.309838698477172
41,model.6.m.0.m.1.cv2.conv,feasible,,56,48,8,0.1870213103684364,8551848,9.7705952,0.03284479999999945,0.09523644430062939,5.6940919222659145
41,model.7.conv,feasible,,512,504,8,0.11021360519225709,8549832,9.7944224,0.009017599999999959,0.09303002987519504,12.22205522447853
41,model.8.cv2.conv,feasible,,512,504,8,0.07960463270865148,8564168,9.8001568,0.0032832000000002637,0.09249902065542903,24.24605041077153
41,model.8.m.0.cv1.conv,feasible,,112,104,8,0.06517328732297756,8531368,9.7870368,0.01640320000000095,0.09371394130333144,3.973205674683829
41,model.8.m.0.cv2.conv,feasible,,128,120,8,0.015580691699142335,8568264,9.8017952,0.0016447999999993357,0.09234730373549571,9.472696801525187
41,model.8.m.0.cv3.conv,rejected,ValueError: protect_CSP_chunk_width:model.8.cv1.conv,,,,,,,,,
41,model.8.m.0.m.0.cv1.conv,feasible,,128,120,8,0.05898893894845969,8556232,9.7969824,0.0064576000000009515,0.09279297218779958,9.134808434782427
41,model.8.m.0.m.0.cv2.conv,feasible,,112,104,8,0.0760148638728424,8531368,9.7870368,0.01640320000000095,0.09371394130333144,4.634148451085032
41,model.8.m.0.m.1.cv1.conv,feasible,,128,120,8,0.05229842906919657,8556232,9.7969824,0.0064576000000009515,0.09279297218779958,8.098740874193023
41,model.8.m.0.m.1.cv2.conv,feasible,,112,104,8,0.07124925615062239,8531368,9.7870368,0.01640320000000095,0.09371394130333144,4.343619302978581
41,model.9.cv1.conv,feasible,,256,248,8,0.08739875936225872,8551880,9.795232,0.008207999999999771,0.09295506038155621,10.647996998326164
41,model.9.cv2.conv,rejected,ValueError: protect_stem_attention_DFL:model.10.cv1.conv,,,,,,,,,
41,model.13.cv2.conv,feasible,,256,248,8,0.11759746192547027,8566216,9.7886176,0.014822399999999902,0.09356755818136453,7.933766591474461
41,model.13.m.0.cv1.conv,feasible,,64,56,8,0.46857728314353153,8553928,9.7739232,0.029516799999999677,0.09492826930701515,15.874935058798266
41,model.16.cv2.conv,feasible,,72,64,8,0.22428947647858877,8555888,9.7421536,0.061286400000000185,0.09787015520759446,3.6596940998098777
41,model.16.m.0.cv2.conv,rejected,ValueError: protect_CSP_chunk_width:model.16.cv1.conv,,,,,,,,,
41,model.17.conv,feasible,,128,120,8,0.11588363174814731,8565128,9.7918432,0.011596799999999519,0.09326886549524604,9.99272486790771
41,model.19.cv2.conv,feasible,,136,128,8,0.07760873786901357,8545136,9.7819744,0.021465600000000862,0.09418272288015617,3.61549352773789
41,model.19.m.0.cv1.conv,feasible,,64,56,8,0.266423247900093,8553928,9.7739232,0.029516799999999677,0.09492826930701515,9.026156219512139
41,model.19.m.0.cv2.conv,rejected,ValueError: protect_CSP_chunk_width:model.19.cv1.conv,,,,,,,,,
41,model.20.conv,feasible,,256,248,8,0.049285872275504516,8558472,9.7978784,0.005561600000000055,0.09271000199721102,8.861815354485046
41,model.22.cv2.conv,feasible,,504,496,8,0.017202589546286617,8560496,9.798688,0.0047519999999998674,0.09263503250357219,3.6200735577203487
41,model.22.m.0.cv1.conv,feasible,,88,80,8,0.06165127120402758,8531368,9.7870368,0.01640320000000095,0.09371394130333144,3.7584904899058724
41,model.22.m.0.cv2.conv,unavailable,minimum_width_reached,,,,,,,,,
41,model.22.m.0.cv3.conv,rejected,ValueError: protect_CSP_chunk_width:model.22.cv1.conv,,,,,,,,,
41,model.22.m.0.m.0.cv1.conv,feasible,,128,120,8,0.10106834718681057,8559688,9.7983648,0.0050752000000002795,0.09266496103660593,19.9141604639827
41,model.22.m.0.m.0.cv2.conv,feasible,,88,80,8,0.07123504564879113,8531368,9.7870368,0.01640320000000095,0.09371394130333144,4.3427529780034995
41,model.22.m.0.m.1.cv1.conv,feasible,,128,120,8,0.07346546119151753,8559688,9.7983648,0.0050752000000002795,0.09266496103660593,14.475382485717507
41,model.22.m.0.m.1.cv2.conv,feasible,,88,80,8,0.06338894702639664,8531368,9.7870368,0.01640320000000095,0.09371394130333144,3.864425662455677
42,model.1.conv,feasible,,64,56,8,0.35252590430900455,8542304,9.7094752,0.07249919999999932,0.10089619658719906,4.862479921281999
42,model.2.cv2.conv,feasible,,120,112,8,0.32979488992714323,8535136,9.7029216,0.07905279999999948,0.10150306426693179,4.171830598374067
42,model.3.conv,feasible,,128,120,8,0.3316289447102463,8535456,9.7200224,0.061951999999999785,0.09991951891512929,5.3529982036132395
42,model.4.cv2.conv,feasible,,256,248,8,0.23322998748335522,8524128,9.7359968,0.04597759999999873,0.09844027894578078,5.07268729736571
42,model.4.m.0.cv2.conv,rejected,ValueError: protect_CSP_chunk_width:model.4.cv1.conv,,,,,,,,,
42,model.5.conv,feasible,,256,248,8,0.2536716407194035,8524640,9.7491808,0.032793599999999756,0.0972194318556936,7.735400831851502
42,model.6.cv2.conv,feasible,,256,248,8,0.1526780080894241,8503136,9.7590112,0.022963199999999517,0.09630913033609456,6.648812364540976
42,model.6.m.0.cv1.conv,feasible,,56,48,8,0.12329893329297192,8524608,9.7491296,0.03284479999999945,0.09722417300944142,3.7539864238166767
42,model.6.m.0.cv2.conv,feasible,,64,56,8,0.04482214920062688,8543072,9.778672,0.0033023999999990394,0.09448852729689639,13.572598474030983
42,model.6.m.0.cv3.conv,rejected,ValueError: protect_CSP_chunk_width:model.6.cv1.conv,,,,,,,,,
42,model.6.m.0.m.0.cv1.conv,feasible,,64,56,8,0.22967953974148259,8537056,9.7690464,0.012927999999998718,0.0953798642015038,17.76605350723278
42,model.6.m.0.m.0.cv2.conv,feasible,,56,48,8,0.15977091569948243,8524608,9.7491296,0.03284479999999945,0.09722417300944142,4.864420416610395
42,model.6.m.0.m.1.cv1.conv,feasible,,64,56,8,0.24963759469392244,8537056,9.7690464,0.012927999999998718,0.0953798642015038,19.309838698479826
42,model.6.m.0.m.1.cv2.conv,feasible,,56,48,8,0.1870213103684364,8524608,9.7491296,0.03284479999999945,0.09722417300944142,5.6940919222659145
42,model.7.conv,feasible,,512,504,8,0.11021360519225709,8522592,9.7729568,0.009017599999999959,0.09501775858400707,12.22205522447853
42,model.8.cv2.conv,feasible,,512,504,8,0.07960463270865148,8536928,9.7786912,0.0032831999999984873,0.09448674936424084,24.246050410784648
42,model.8.m.0.cv1.conv,feasible,,112,104,8,0.06517328732297756,8504128,9.7655712,0.016403199999999174,0.09570167001214325,3.9732056746842592
42,model.8.m.0.cv2.conv,feasible,,128,120,8,0.015580691699142335,8541024,9.7803296,0.0016447999999993357,0.09433503244430774,9.472696801525187
42,model.8.m.0.cv3.conv,rejected,ValueError: protect_CSP_chunk_width:model.8.cv1.conv,,,,,,,,,
42,model.8.m.0.m.0.cv1.conv,feasible,,128,120,8,0.05898893894845969,8528992,9.7755168,0.006457599999999175,0.0947807008966115,9.13480843478494
42,model.8.m.0.m.0.cv2.conv,feasible,,112,104,8,0.0760148638728424,8504128,9.7655712,0.016403199999999174,0.09570167001214325,4.634148451085534
42,model.8.m.0.m.1.cv1.conv,feasible,,128,120,8,0.05229842906919657,8528992,9.7755168,0.006457599999999175,0.0947807008966115,8.09874087419525
42,model.8.m.0.m.1.cv2.conv,feasible,,112,104,8,0.07124925615062239,8504128,9.7655712,0.016403199999999174,0.09570167001214325,4.343619302979051
42,model.9.cv1.conv,feasible,,256,248,8,0.08739875936225872,8524640,9.7737664,0.008207999999999771,0.09494278909036824,10.647996998326164
42,model.9.cv2.conv,rejected,ValueError: protect_stem_attention_DFL:model.10.cv1.conv,,,,,,,,,
42,model.13.cv2.conv,feasible,,256,248,8,0.11759746192547027,8538976,9.767152,0.014822399999999902,0.09555528689017656,7.933766591474461
42,model.13.m.0.cv1.conv,feasible,,64,56,8,0.46857728314353153,8526688,9.7524576,0.029516799999999677,0.09691599801582718,15.874935058798266
42,model.16.cv2.conv,feasible,,72,64,8,0.22428947647858877,8528648,9.720688,0.06128639999999841,0.09985788391640626,3.659694099809984
42,model.16.m.0.cv2.conv,rejected,ValueError: protect_CSP_chunk_width:model.16.cv1.conv,,,,,,,,,
42,model.17.conv,feasible,,128,120,8,0.11588363174814731,8537888,9.7703776,0.011596799999999519,0.09525659420405808,9.99272486790771
42,model.19.cv2.conv,unavailable,minimum_width_reached,,,,,,,,,
42,model.19.m.0.cv1.conv,feasible,,64,56,8,0.266423247900093,8526688,9.7524576,0.029516799999999677,0.09691599801582718,9.026156219512139
42,model.19.m.0.cv2.conv,rejected,ValueError: protect_CSP_chunk_width:model.19.cv1.conv,,,,,,,,,
42,model.20.conv,feasible,,256,248,8,0.049285872275504516,8531808,9.7766432,0.005331199999998759,0.09467639551415741,9.244798971247747
42,model.22.cv2.conv,feasible,,504,496,8,0.017202589546286617,8533256,9.7772224,0.0047519999999998674,0.09462276121238422,3.6200735577203487
42,model.22.m.0.cv1.conv,feasible,,88,80,8,0.06165127120402758,8504128,9.7655712,0.016403199999999174,0.09570167001214325,3.7584904899062797
42,model.22.m.0.cv2.conv,unavailable,minimum_width_reached,,,,,,,,,
42,model.22.m.0.cv3.conv,rejected,ValueError: protect_CSP_chunk_width:model.22.cv1.conv,,,,,,,,,
42,model.22.m.0.m.0.cv1.conv,feasible,,128,120,8,0.10106834718681057,8532448,9.7768992,0.005075199999998503,0.09465268974541774,19.91416046398967
42,model.22.m.0.m.0.cv2.conv,feasible,,88,80,8,0.07123504564879113,8504128,9.7655712,0.016403199999999174,0.09570167001214325,4.342752978003969
42,model.22.m.0.m.1.cv1.conv,feasible,,128,120,8,0.07346546119151753,8532448,9.7768992,0.005075199999998503,0.09465268974541774,14.475382485722573
42,model.22.m.0.m.1.cv2.conv,feasible,,88,80,8,0.06338894702639664,8504128,9.7655712,0.016403199999999174,0.09570167001214325,3.8644256624560955
43,model.1.conv,feasible,,64,56,8,0.35252590430900455,8530424,9.7047232,0.07249919999999932,0.10133623491942712,4.862479921281999
43,model.2.cv2.conv,feasible,,120,112,8,0.32979488992714323,8523256,9.6981696,0.07905279999999948,0.10194310259915973,4.171830598374067
43,model.3.conv,feasible,,128,120,8,0.3316289447102463,8523576,9.7152704,0.061951999999999785,0.10035955724735734,5.3529982036132395
43,model.4.cv2.conv,feasible,,256,248,8,0.23322998748335522,8512248,9.7312448,0.04597759999999873,0.09888031727800872,5.07268729736571
43,model.4.m.0.cv2.conv,rejected,ValueError: protect_CSP_chunk_width:model.4.cv1.conv,,,,,,,,,
43,model.5.conv,feasible,,256,248,8,0.2536716407194035,8512760,9.7444288,0.032793599999999756,0.09765947018792165,7.735400831851502
43,model.6.cv2.conv,feasible,,256,248,8,0.1526780080894241,8491256,9.7542592,0.022963199999999517,0.0967491686683225,6.648812364540976
43,model.6.m.0.cv1.conv,feasible,,56,48,8,0.12329893329297192,8512728,9.7443776,0.03284479999999945,0.09766421134166947,3.7539864238166767
43,model.6.m.0.cv2.conv,feasible,,64,56,8,0.04482214920062688,8531192,9.77392,0.0033023999999990394,0.09492856562912444,13.572598474030983
43,model.6.m.0.cv3.conv,rejected,ValueError: protect_CSP_chunk_width:model.6.cv1.conv,,,,,,,,,
43,model.6.m.0.m.0.cv1.conv,feasible,,64,56,8,0.22967953974148259,8525176,9.7642944,0.012927999999998718,0.09581990253373174,17.76605350723278
43,model.6.m.0.m.0.cv2.conv,feasible,,56,48,8,0.15977091569948243,8512728,9.7443776,0.03284479999999945,0.09766421134166947,4.864420416610395
43,model.6.m.0.m.1.cv1.conv,feasible,,64,56,8,0.24963759469392244,8525176,9.7642944,0.012927999999998718,0.09581990253373174,19.309838698479826
43,model.6.m.0.m.1.cv2.conv,feasible,,56,48,8,0.1870213103684364,8512728,9.7443776,0.03284479999999945,0.09766421134166947,5.6940919222659145
43,model.7.conv,feasible,,512,504,8,0.11021360519225709,8510712,9.7682048,0.009017599999999959,0.09545779691623513,12.22205522447853
43,model.8.cv2.conv,feasible,,512,504,8,0.07960463270865148,8525048,9.7739392,0.0032832000000002637,0.09492678769646912,24.24605041077153
43,model.8.m.0.cv1.conv,feasible,,112,104,8,0.06517328732297756,8492248,9.7608192,0.016403199999999174,0.0961417083443713,3.9732056746842592
43,model.8.m.0.cv2.conv,feasible,,128,120,8,0.015580691699142335,8529144,9.7755776,0.0016447999999993357,0.0947750707765358,9.472696801525187
43,model.8.m.0.cv3.conv,rejected,ValueError: protect_CSP_chunk_width:model.8.cv1.conv,,,,,,,,,
43,model.8.m.0.m.0.cv1.conv,feasible,,128,120,8,0.05898893894845969,8517112,9.7707648,0.006457599999999175,0.09522073922883945,9.13480843478494
43,model.8.m.0.m.0.cv2.conv,feasible,,112,104,8,0.0760148638728424,8492248,9.7608192,0.016403199999999174,0.0961417083443713,4.634148451085534
43,model.8.m.0.m.1.cv1.conv,feasible,,128,120,8,0.05229842906919657,8517112,9.7707648,0.006457599999999175,0.09522073922883945,8.09874087419525
43,model.8.m.0.m.1.cv2.conv,feasible,,112,104,8,0.07124925615062239,8492248,9.7608192,0.016403199999999174,0.0961417083443713,4.343619302979051
43,model.9.cv1.conv,feasible,,256,248,8,0.08739875936225872,8512760,9.7690144,0.008207999999999771,0.0953828274225963,10.647996998326164
43,model.9.cv2.conv,rejected,ValueError: protect_stem_attention_DFL:model.10.cv1.conv,,,,,,,,,
43,model.13.cv2.conv,feasible,,256,248,8,0.11759746192547027,8527096,9.7624,0.014822399999999902,0.09599532522240461,7.933766591474461
43,model.13.m.0.cv1.conv,feasible,,64,56,8,0.46857728314353153,8514808,9.7477056,0.029516799999999677,0.09735603634805523,15.874935058798266
43,model.16.cv2.conv,feasible,,72,64,8,0.22428947647858877,8516768,9.715936,0.061286400000000185,0.10029792224863454,3.6596940998098777
43,model.16.m.0.cv2.conv,rejected,ValueError: protect_CSP_chunk_width:model.16.cv1.conv,,,,,,,,,
43,model.17.conv,feasible,,128,120,8,0.11588363174814731,8526008,9.7656256,0.011596799999999519,0.09569663253628613,9.99272486790771
43,model.19.cv2.conv,unavailable,minimum_width_reached,,,,,,,,,
43,model.19.m.0.cv1.conv,feasible,,64,56,8,0.266423247900093,8514808,9.7477056,0.029516799999999677,0.09735603634805523,9.026156219512139
43,model.19.m.0.cv2.conv,rejected,ValueError: protect_CSP_chunk_width:model.19.cv1.conv,,,,,,,,,
43,model.20.conv,feasible,,256,248,8,0.049285872275504516,8519928,9.7718912,0.005331199999998759,0.09511643384638535,9.244798971247747
43,model.22.cv2.conv,feasible,,496,488,8,0.0182286263889182,8521376,9.7724704,0.0047519999999998674,0.09506279954461228,3.8359904017084827
43,model.22.m.0.cv1.conv,feasible,,88,80,8,0.06165127120402758,8492248,9.7608192,0.016403199999999174,0.0961417083443713,3.7584904899062797
43,model.22.m.0.cv2.conv,unavailable,minimum_width_reached,,,,,,,,,
43,model.22.m.0.cv3.conv,rejected,ValueError: protect_CSP_chunk_width:model.22.cv1.conv,,,,,,,,,
43,model.22.m.0.m.0.cv1.conv,feasible,,128,120,8,0.10106834718681057,8520568,9.7721472,0.0050752000000002795,0.09509272807764602,19.9141604639827
43,model.22.m.0.m.0.cv2.conv,feasible,,88,80,8,0.07123504564879113,8492248,9.7608192,0.016403199999999174,0.0961417083443713,4.342752978003969
43,model.22.m.0.m.1.cv1.conv,feasible,,128,120,8,0.07346546119151753,8520568,9.7721472,0.0050752000000002795,0.09509272807764602,14.475382485717507
43,model.22.m.0.m.1.cv2.conv,feasible,,88,80,8,0.06338894702639664,8492248,9.7608192,0.016403199999999174,0.0961417083443713,3.8644256624560955
